city,enrollment,vaccinated,s_year,vac_pct,geoid
Acampo,145.0,136.0,2018,93.79310344827586,1600000US0600156
Acton,2412.0,1017.0,2018,42.16417910447761,1600000US0600212
Adelanto,1363.0,1282.0,2018,94.05722670579604,1600000US0600296
Agoura Hills,1146.0,1081.0,2018,94.3280977312391,1600000US0600394
Aguanga,51.0,47.0,2018,92.15686274509804,1600000US0600464
Ahwahnee,69.0,59.0,2018,85.5072463768116,1600000US0600478
Alameda,3283.0,3148.0,2018,95.88790740176668,1600000US0600562
Alamo,672.0,651.0,2018,96.875,1600000US0600618
Albany,839.0,811.0,2018,96.6626936829559,1600000US0600674
Alhambra,2998.0,2887.0,2018,96.29753168779186,1600000US0600884
Aliso Viejo,2122.0,1998.0,2018,94.1564561734213,1600000US0600947
Alpaugh,135.0,112.0,2018,82.96296296296296,1600000US0601164
Alpine,935.0,910.0,2018,97.32620320855615,1600000US0601192
Altadena,1391.0,1245.0,2018,89.5039539899353,1600000US0601290
Alturas,135.0,130.0,2018,96.29629629629629,1600000US0601444
American Canyon,824.0,807.0,2018,97.93689320388349,1600000US0601640
Anaheim,13610.0,13127.0,2018,96.45113886847906,1600000US0602000
Anderson,635.0,610.0,2018,96.06299212598425,1600000US0602042
Angels,177.0,170.0,2018,96.045197740113,1600000US0602112
Antelope,1367.0,1278.0,2018,93.48939283101683,1600000US0602210
Antioch,3378.0,3144.0,2018,93.07282415630551,1600000US0602252
Anza,90.0,84.0,2018,93.33333333333333,1600000US0602294
Apple Valley,3497.0,3376.0,2018,96.53989133543037,1600000US0602364
Aptos,979.0,928.0,2018,94.7906026557712,1600000US0602378
Arbuckle,318.0,307.0,2018,96.54088050314465,1600000US0602420
Arcadia,2758.0,2688.0,2018,97.46192893401016,1600000US0602462
Arcata,764.0,698.0,2018,91.36125654450262,1600000US0602476
Armona,324.0,316.0,2018,97.53086419753086,1600000US0602700
Arnold,41.0,38.0,2018,92.6829268292683,1600000US0602770
Aromas,124.0,117.0,2018,94.35483870967742,1600000US0602812
Arroyo Grande,1379.0,1343.0,2018,97.38941261783901,1600000US0602868
Artesia,1311.0,1267.0,2018,96.64378337147215,1600000US0602896
Arvin,1238.0,1207.0,2018,97.49596122778675,1600000US0602924
Atascadero,1045.0,1007.0,2018,96.36363636363636,1600000US0603064
Atherton,1005.0,946.0,2018,94.12935323383084,1600000US0603092
Atwater,1743.0,1702.0,2018,97.64773379231211,1600000US0603162
Auberry,20.0,19.0,2018,95.0,1600000US0603190
Auburn,1025.0,964.0,2018,94.04878048780488,1600000US0603204
Avalon,122.0,115.0,2018,94.26229508196722,1600000US0603274
Avenal,607.0,593.0,2018,97.69357495881383,1600000US0603302
Avery,64.0,62.0,2018,96.875,1600000US0603316
Azusa,1980.0,1935.0,2018,97.72727272727273,1600000US0603386
Bakersfield,26834.0,26034.0,2018,97.01870760974882,1600000US0603526
Baldwin Park,3145.0,3071.0,2018,97.6470588235294,1600000US0603666
Ballico,41.0,38.0,2018,92.6829268292683,1600000US0603708
Banning,1026.0,991.0,2018,96.58869395711501,1600000US0603820
Barstow,1355.0,1293.0,2018,95.42435424354242,1600000US0604030
Bay Point,767.0,743.0,2018,96.87092568448502,1600000US0604415
Beale AFB,192.0,186.0,2018,96.875,1600000US0604576
Beaumont,1995.0,1916.0,2018,96.04010025062657,1600000US0604758
Bell,1241.0,1221.0,2018,98.3883964544722,1600000US0604870
Bell Gardens,1870.0,1839.0,2018,98.34224598930481,1600000US0604996
Bella Vista,107.0,100.0,2018,93.45794392523365,1600000US0604926
Bellflower,1984.0,1910.0,2018,96.27016129032258,1600000US0604982
Belmont,1297.0,1261.0,2018,97.22436391673092,1600000US0605108
Belvedere,58.0,55.0,2018,94.82758620689656,1600000US0605164
Benicia,1312.0,1257.0,2018,95.8079268292683,1600000US0605290
Berkeley,4378.0,4114.0,2018,93.96984924623115,1600000US0606000
Bermuda Dunes,444.0,430.0,2018,96.84684684684684,1600000US0606028
Beverly Hills,1105.0,1050.0,2018,95.02262443438913,1600000US0606308
Big Bear City,188.0,175.0,2018,93.08510638297872,1600000US0606406
Big Bear Lake,322.0,307.0,2018,95.34161490683229,1600000US0606434
Biggs,93.0,89.0,2018,95.6989247311828,1600000US0606560
Bishop,397.0,386.0,2018,97.22921914357683,1600000US0606798
Bloomington,1678.0,1636.0,2018,97.49702026221692,1600000US0607064
Blue Lake,43.0,39.0,2018,90.69767441860465,1600000US0607162
Blythe,745.0,698.0,2018,93.69127516778524,1600000US0607218
Bolinas,21.0,19.0,2018,90.47619047619048,1600000US0607316
Bonita,492.0,472.0,2018,95.9349593495935,1600000US0607414
Bonsall,456.0,412.0,2018,90.35087719298247,1600000US0607498
Boonville,108.0,102.0,2018,94.44444444444444,1600000US0607512
Boron,134.0,125.0,2018,93.28358208955224,1600000US0607568
Borrego Springs,103.0,97.0,2018,94.1747572815534,1600000US0607596
Boulder Creek,610.0,316.0,2018,51.80327868852459,1600000US0607652
Boulevard,44.0,41.0,2018,93.18181818181817,1600000US0607694
Boyes Hot Springs,20.0,19.0,2018,95.0,1600000US0607848
Bradbury,282.0,277.0,2018,98.22695035460993,1600000US0607946
Brawley,1403.0,1364.0,2018,97.22024233784748,1600000US0608058
Brea,1702.0,1654.0,2018,97.17978848413631,1600000US0608100
Brentwood,3254.0,3166.0,2018,97.29563614013522,1600000US0608142
Brisbane,130.0,122.0,2018,93.84615384615384,1600000US0608310
Buellton,153.0,148.0,2018,96.73202614379085,1600000US0608758
Buena Park,2562.0,2493.0,2018,97.30679156908664,1600000US0608786
Burbank,7846.0,7540.0,2018,96.09992352791231,1600000US0608954
Burbank,7846.0,7540.0,2018,96.09992352791231,1600000US0608968
Burlingame,1914.0,1864.0,2018,97.3876698014629,1600000US0609066
Burney,147.0,140.0,2018,95.23809523809523,1600000US0609122
Buttonwillow,102.0,96.0,2018,94.11764705882352,1600000US0609332
Byron,307.0,252.0,2018,82.08469055374593,1600000US0609346
Cabazon,105.0,100.0,2018,95.23809523809523,1600000US0609360
Calabasas,1420.0,1342.0,2018,94.50704225352112,1600000US0609598
Calexico,2147.0,2099.0,2018,97.76432231020028,1600000US0609710
California City,387.0,379.0,2018,97.9328165374677,1600000US0609780
Calimesa,467.0,455.0,2018,97.4304068522484,1600000US0609864
Calipatria,213.0,207.0,2018,97.1830985915493,1600000US0609878
Calistoga,204.0,197.0,2018,96.56862745098039,1600000US0609892
Calpella,27.0,14.0,2018,51.85185185185185,1600000US0609990
Camarillo,3120.0,2965.0,2018,95.03205128205127,1600000US0610046
Cambria,137.0,128.0,2018,93.43065693430657,1600000US0610074
Cameron Park,652.0,480.0,2018,73.61963190184049,1600000US0610256
Camino,89.0,85.0,2018,95.50561797752809,1600000US0610270
Campbell,2229.0,2143.0,2018,96.14176760879319,1600000US0610345
Campo,204.0,193.0,2018,94.6078431372549,1600000US0610508
Cantua Creek,41.0,38.0,2018,92.6829268292683,1600000US0610816
Canyon Lake,79.0,74.0,2018,93.67088607594937,1600000US0610928
Capitola,348.0,336.0,2018,96.55172413793103,1600000US0611040
Carlsbad,4756.0,4596.0,2018,96.63582842724979,1600000US0611194
Carmel Valley Village,617.0,593.0,2018,96.11021069692059,1600000US0611324
Carmichael,3927.0,3346.0,2018,85.20499108734403,1600000US0611390
Carpinteria,595.0,558.0,2018,93.78151260504201,1600000US0611446
Carson,3160.0,3034.0,2018,96.0126582278481,1600000US0611530
Caruthers,361.0,350.0,2018,96.95290858725761,1600000US0611614
Castaic,705.0,676.0,2018,95.88652482269504,1600000US0611796
Castro Valley,2537.0,2437.0,2018,96.05833661805282,1600000US0611964
Castroville,750.0,730.0,2018,97.33333333333334,1600000US0611978
Cathedral City,1614.0,1578.0,2018,97.76951672862454,1600000US0612048
Catheys Valley,21.0,18.0,2018,85.71428571428571,1600000US0612062
Cayucos,21.0,19.0,2018,90.47619047619048,1600000US0612132
Ceres,2771.0,2689.0,2018,97.04077950198484,1600000US0612524
Cerritos,2573.0,2522.0,2018,98.01787796346677,1600000US0612552
Cherry Valley,102.0,100.0,2018,98.0392156862745,1600000US0612916
Chester,73.0,69.0,2018,94.52054794520548,1600000US0612930
Chico,3790.0,3566.0,2018,94.08970976253298,1600000US0613014
Chino,3414.0,3314.0,2018,97.07088459285296,1600000US0613210
Chino Hills,3221.0,3144.0,2018,97.60943806271344,1600000US0613214
Chowchilla,695.0,677.0,2018,97.41007194244604,1600000US0613294
Chualar,133.0,125.0,2018,93.98496240601504,1600000US0613364
Chula Vista,12224.0,11885.0,2018,97.2267670157068,1600000US0613392
Citrus Heights,2014.0,1899.0,2018,94.28997020854023,1600000US0613588
Claremont,2286.0,2215.0,2018,96.8941382327209,1600000US0613756
Clarksburg,160.0,157.0,2018,98.125,1600000US0613784
Clayton,536.0,526.0,2018,98.13432835820896,1600000US0613882
Clearlake,599.0,574.0,2018,95.82637729549248,1600000US0613945
Clearlake Oaks,23.0,21.0,2018,91.30434782608695,1600000US0613966
Cloverdale,293.0,285.0,2018,97.26962457337885,1600000US0614190
Clovis,6800.0,6623.0,2018,97.39705882352942,1600000US0614218
Coachella,1809.0,1777.0,2018,98.2310668877833,1600000US0614260
Coalinga,692.0,675.0,2018,97.54335260115607,1600000US0614274
Coarsegold,214.0,203.0,2018,94.85981308411215,1600000US0614288
Coleville,23.0,21.0,2018,91.30434782608695,1600000US0614484
Colfax,156.0,116.0,2018,74.35897435897436,1600000US0614498
Colma,390.0,374.0,2018,95.8974358974359,1600000US0614736
Colton,2710.0,2643.0,2018,97.52767527675277,1600000US0614890
Columbia,118.0,114.0,2018,96.61016949152543,1600000US0614904
Colusa,413.0,403.0,2018,97.57869249394673,1600000US0614946
Commerce,389.0,379.0,2018,97.42930591259639,1600000US0614974
Compton,5174.0,4980.0,2018,96.25048318515655,1600000US0615044
Concord,4435.0,4261.0,2018,96.07666290868094,1600000US0616000
Copperopolis,42.0,35.0,2018,83.33333333333334,1600000US0616210
Corcoran,753.0,737.0,2018,97.87516600265604,1600000US0616224
Corning,677.0,654.0,2018,96.602658788774,1600000US0616322
Corona,7599.0,7385.0,2018,97.1838399789446,1600000US0616350
Coronado,786.0,746.0,2018,94.91094147582697,1600000US0616378
Corte Madera,856.0,811.0,2018,94.7429906542056,1600000US0616462
Costa Mesa,4257.0,4041.0,2018,94.9260042283298,1600000US0616532
Cotati,263.0,248.0,2018,94.29657794676805,1600000US0616560
Coto de Caza,53.0,51.0,2018,96.22641509433963,1600000US0616580
Cottonwood,667.0,635.0,2018,95.2023988005997,1600000US0616630
Courtland,41.0,38.0,2018,92.6829268292683,1600000US0616714
Covelo,116.0,104.0,2018,89.65517241379311,1600000US0616728
Covina,2555.0,2431.0,2018,95.14677103718199,1600000US0616742
Crescent City,802.0,769.0,2018,95.88528678304239,1600000US0617022
Cressey,37.0,30.0,2018,81.08108108108108,1600000US0617078
Crestline,145.0,140.0,2018,96.55172413793103,1600000US0617162
Crockett,112.0,110.0,2018,98.21428571428571,1600000US0617274
Cudahy,1438.0,1407.0,2018,97.8442280945758,1600000US0617498
Culver City,2724.0,2620.0,2018,96.1820851688693,1600000US0617568
Cupertino,3249.0,3142.0,2018,96.70667897814712,1600000US0617610
Cutler,257.0,251.0,2018,97.66536964980544,1600000US0617708
Cypress,2532.0,2464.0,2018,97.31437598736177,1600000US0617750
Daly City,2420.0,2325.0,2018,96.07438016528926,1600000US0617918
Dana Point,827.0,777.0,2018,93.9540507859734,1600000US0617946
Danville,3258.0,3158.0,2018,96.9306322897483,1600000US0617988
Davenport,23.0,17.0,2018,73.91304347826086,1600000US0618086
Davis,2610.0,2525.0,2018,96.74329501915709,1600000US0618100
Del Mar,287.0,276.0,2018,96.16724738675958,1600000US0618506
Del Rey,27.0,25.0,2018,92.5925925925926,1600000US0618674
Del Rey Oaks,21.0,19.0,2018,90.47619047619048,1600000US0618688
Delano,2698.0,2627.0,2018,97.36842105263158,1600000US0618394
Delhi,476.0,464.0,2018,97.47899159663865,1600000US0618464
Denair,206.0,202.0,2018,98.05825242718447,1600000US0618856
Descanso,95.0,90.0,2018,94.73684210526315,1600000US0618940
Desert Hot Springs,1437.0,1403.0,2018,97.63395963813501,1600000US0618996
Diamond Bar,2339.0,2276.0,2018,97.30654125694741,1600000US0619192
Diamond Springs,125.0,118.0,2018,94.39999999999999,1600000US0619220
Dinuba,1260.0,1236.0,2018,98.09523809523809,1600000US0619318
Discovery Bay,281.0,271.0,2018,96.44128113879003,1600000US0619339
Dixon,804.0,781.0,2018,97.13930348258707,1600000US0619402
Dorris,70.0,65.0,2018,92.85714285714286,1600000US0619584
Dos Palos,562.0,552.0,2018,98.22064056939502,1600000US0619612
Douglas City,46.0,42.0,2018,91.30434782608695,1600000US0619724
Downey,4173.0,3995.0,2018,95.73448358495088,1600000US0619766
Duarte,838.0,799.0,2018,95.34606205250597,1600000US0619990
Dublin,3507.0,3364.0,2018,95.92244083262047,1600000US0620018
Ducor,54.0,50.0,2018,92.5925925925926,1600000US0620032
Durham,203.0,197.0,2018,97.04433497536947,1600000US0620270
Earlimart,542.0,530.0,2018,97.7859778597786,1600000US0620438
East Nicolaus,451.0,187.0,2018,41.46341463414634,1600000US0620900
East Palo Alto,1233.0,1191.0,2018,96.59367396593674,1600000US0620956
East Rancho Dominguez,79.0,67.0,2018,84.81012658227847,1600000US0621034
East Whittier,40.0,38.0,2018,95.0,1600000US0621292
Eastvale,2356.0,2285.0,2018,96.98641765704585,1600000US0621230
Edwards AFB,143.0,141.0,2018,98.6013986013986,1600000US0621600
El Cajon,8827.0,7186.0,2018,81.40931233714738,1600000US0621712
El Centro,2919.0,2815.0,2018,96.43713600548132,1600000US0621782
El Cerrito,2054.0,1996.0,2018,97.17624148003895,1600000US0621796
El Cerrito,2054.0,1996.0,2018,97.17624148003895,1600000US0621810
El Dorado Hills,2020.0,1953.0,2018,96.68316831683168,1600000US0621880
El Granada,46.0,43.0,2018,93.47826086956522,1600000US0621936
El Monte,4832.0,4699.0,2018,97.24751655629139,1600000US0622230
El Paso de Robles (Paso Robles),1585.0,1523.0,2018,96.08832807570978,1600000US0622300
El Segundo,1085.0,1054.0,2018,97.14285714285714,1600000US0622412
El Sobrante (Contra Costa County),568.0,544.0,2018,95.77464788732394,1600000US0622454
Elk Grove,7789.0,7595.0,2018,97.50930799845936,1600000US0622020
Elverta,74.0,69.0,2018,93.24324324324324,1600000US0622524
Emeryville,373.0,358.0,2018,95.97855227882037,1600000US0622594
Empire,148.0,142.0,2018,95.94594594594594,1600000US0622622
Encinitas,3315.0,3153.0,2018,95.11312217194569,1600000US0622678
Escalon,735.0,705.0,2018,95.91836734693877,1600000US0622790
Escondido,7106.0,6788.0,2018,95.5249085280045,1600000US0622804
Esparto,188.0,158.0,2018,84.04255319148936,1600000US0622846
Etna,62.0,57.0,2018,91.93548387096774,1600000US0622972
Eureka,1655.0,1560.0,2018,94.25981873111783,1600000US0623042
Exeter,576.0,559.0,2018,97.04861111111111,1600000US0623126
Fair Oaks,1235.0,1149.0,2018,93.03643724696357,1600000US0623294
Fairfax,435.0,415.0,2018,95.40229885057471,1600000US0623168
Fairfield,4691.0,4543.0,2018,96.84502238328714,1600000US0623182
Fall River Mills,46.0,43.0,2018,93.47826086956522,1600000US0623532
Fallbrook,1485.0,1431.0,2018,96.36363636363636,1600000US0623462
Farmersville,420.0,414.0,2018,98.57142857142858,1600000US0623616
Felton,387.0,354.0,2018,91.47286821705426,1600000US0623826
Ferndale,113.0,101.0,2018,89.38053097345133,1600000US0623910
Fillmore,902.0,872.0,2018,96.67405764966742,1600000US0624092
Firebaugh,519.0,505.0,2018,97.30250481695568,1600000US0624134
Folsom,3096.0,2942.0,2018,95.02583979328165,1600000US0624638
Fontana,10344.0,10105.0,2018,97.68948182521268,1600000US0624680
Foresthill,78.0,73.0,2018,93.58974358974359,1600000US0624834
Forestville,62.0,56.0,2018,90.32258064516128,1600000US0624960
Fort Bragg,339.0,298.0,2018,87.90560471976401,1600000US0625058
Fort Irwin,499.0,492.0,2018,98.59719438877755,1600000US0625114
Fort Jones,81.0,76.0,2018,93.82716049382715,1600000US0625128
Fortuna,497.0,447.0,2018,89.93963782696177,1600000US0625296
Foster City,1953.0,1911.0,2018,97.84946236559139,1600000US0625338
Fountain Valley,2561.0,2485.0,2018,97.03240921515032,1600000US0625380
Fowler,544.0,533.0,2018,97.97794117647058,1600000US0625436
Frazier Park,25.0,23.0,2018,92.0,1600000US0625534
Freedom,285.0,273.0,2018,95.78947368421052,1600000US0625576
Fremont,11300.0,10986.0,2018,97.2212389380531,1600000US0626000
French Camp,234.0,223.0,2018,95.2991452991453,1600000US0626028
Fresno,28326.0,27121.0,2018,95.74595777730707,1600000US0627000
Fullerton,5459.0,5288.0,2018,96.86755816083532,1600000US0628000
Galt,1332.0,1300.0,2018,97.5975975975976,1600000US0628112
Garden Grove,7936.0,7690.0,2018,96.90020161290323,1600000US0629000
Gardena,2612.0,2542.0,2018,97.32006125574273,1600000US0628168
Georgetown,66.0,56.0,2018,84.84848484848484,1600000US0629350
Gerber,95.0,89.0,2018,93.6842105263158,1600000US0629392
Geyserville,44.0,40.0,2018,90.9090909090909,1600000US0629420
Gilroy,2626.0,2541.0,2018,96.76313785224676,1600000US0629504
Glen Ellen,39.0,37.0,2018,94.87179487179486,1600000US0630028
Glendale,5791.0,5606.0,2018,96.80538767052323,1600000US0630000
Glendora,2406.0,2343.0,2018,97.38154613466334,1600000US0630014
Gold River,215.0,208.0,2018,96.74418604651163,1600000US0630345
Goleta,1405.0,1346.0,2018,95.80071174377224,1600000US0630378
Gonzales,462.0,404.0,2018,87.44588744588745,1600000US0630392
Grand Terrace,810.0,796.0,2018,98.27160493827161,1600000US0630658
Granite Bay,673.0,653.0,2018,97.02823179791976,1600000US0630693
Grass Valley,1298.0,1226.0,2018,94.45300462249615,1600000US0630798
Greenfield,2038.0,2002.0,2018,98.23356231599607,1600000US0630987
Greenfield,2038.0,2002.0,2018,98.23356231599607,1600000US0630994
Grenada,60.0,56.0,2018,93.33333333333333,1600000US0631246
Gridley,559.0,540.0,2018,96.6010733452594,1600000US0631260
Groveland,44.0,39.0,2018,88.63636363636364,1600000US0631372
Grover Beach,312.0,300.0,2018,96.15384615384616,1600000US0631393
Guadalupe,374.0,368.0,2018,98.3957219251337,1600000US0631414
Guerneville,99.0,88.0,2018,88.88888888888889,1600000US0631470
Gustine,309.0,301.0,2018,97.41100323624595,1600000US0631568
Hacienda Heights,2414.0,2337.0,2018,96.8102734051367,1600000US0631596
Half Moon Bay,724.0,699.0,2018,96.54696132596685,1600000US0631708
Hamilton City,155.0,146.0,2018,94.19354838709677,1600000US0631890
Hanford,3085.0,2989.0,2018,96.88816855753647,1600000US0631960
Happy Camp,21.0,19.0,2018,90.47619047619048,1600000US0632030
Hawaiian Gardens,473.0,456.0,2018,96.40591966173362,1600000US0632506
Hawthorne,3429.0,3327.0,2018,97.02537182852143,1600000US0632548
Hayward,5943.0,5756.0,2018,96.85344102305234,1600000US0633000
Healdsburg,576.0,547.0,2018,94.96527777777779,1600000US0633056
Heber,528.0,518.0,2018,98.10606060606061,1600000US0633084
Hemet,4202.0,4083.0,2018,97.16801523084246,1600000US0633182
Herald,124.0,120.0,2018,96.7741935483871,1600000US0633294
Hercules,504.0,490.0,2018,97.22222222222221,1600000US0633308
Hermosa Beach,503.0,488.0,2018,97.01789264413519,1600000US0633364
Hesperia,4609.0,4500.0,2018,97.63506183553916,1600000US0633434
Hickman,211.0,180.0,2018,85.30805687203792,1600000US0633504
Highland,2279.0,2215.0,2018,97.19175076788065,1600000US0633588
Hillsborough,563.0,542.0,2018,96.26998223801066,1600000US0633798
Hilmar-Irwin,580.0,571.0,2018,98.44827586206897,1600000US0633861
Hollister,2264.0,2175.0,2018,96.06890459363959,1600000US0634120
Holtville,505.0,493.0,2018,97.62376237623762,1600000US0634246
Hoopa,90.0,86.0,2018,95.55555555555556,1600000US0634540
Hughson,391.0,385.0,2018,98.46547314578005,1600000US0634904
Huntington Beach,7636.0,7371.0,2018,96.5295966474594,1600000US0636000
Huntington Park,3860.0,3783.0,2018,98.00518134715026,1600000US0636056
Huron,370.0,362.0,2018,97.83783783783784,1600000US0636084
Hydesville,20.0,19.0,2018,95.0,1600000US0636126
Idyllwild-Pine Cove,76.0,69.0,2018,90.78947368421053,1600000US0636203
Imperial,924.0,907.0,2018,98.16017316017316,1600000US0636280
Imperial Beach,1142.0,1111.0,2018,97.28546409807356,1600000US0636294
Indian Wells,149.0,147.0,2018,98.65771812080537,1600000US0636434
Indio,3277.0,3195.0,2018,97.49771132133048,1600000US0636448
Industry,283.0,275.0,2018,97.1731448763251,1600000US0636490
Inglewood,4152.0,3836.0,2018,92.38921001926782,1600000US0636546
Interlaken,20.0,19.0,2018,95.0,1600000US0636613
Inyokern,32.0,29.0,2018,90.625,1600000US0636658
Ione,90.0,87.0,2018,96.66666666666667,1600000US0636672
Irvine,11542.0,11175.0,2018,96.82030843874546,1600000US0636770
Isleton,45.0,41.0,2018,91.11111111111111,1600000US0636882
Ivanhoe,194.0,186.0,2018,95.87628865979381,1600000US0636910
Jackson,459.0,441.0,2018,96.07843137254902,1600000US0636980
Jamestown,167.0,130.0,2018,77.84431137724552,1600000US0637106
Jamul,233.0,210.0,2018,90.12875536480686,1600000US0637120
Janesville,86.0,80.0,2018,93.02325581395348,1600000US0637134
Joshua Tree,110.0,98.0,2018,89.0909090909091,1600000US0637554
Julian,665.0,501.0,2018,75.33834586466165,1600000US0637582
Jurupa Valley,3835.0,3729.0,2018,97.23598435462843,1600000US0637692
Kelseyville,358.0,341.0,2018,95.25139664804469,1600000US0638044
Kensington,299.0,284.0,2018,94.98327759197325,1600000US0638086
Kentfield,430.0,422.0,2018,98.13953488372093,1600000US0638114
Kenwood,20.0,19.0,2018,95.0,1600000US0638156
Kerman,1158.0,1138.0,2018,98.27288428324698,1600000US0638226
Kernville,21.0,19.0,2018,90.47619047619048,1600000US0638310
Kettleman City,93.0,86.0,2018,92.47311827956989,1600000US0638394
Keyes,208.0,200.0,2018,96.15384615384616,1600000US0638422
King City,917.0,895.0,2018,97.60087241003271,1600000US0638520
Kings Beach,159.0,153.0,2018,96.22641509433963,1600000US0638548
Kingsburg,912.0,881.0,2018,96.60087719298247,1600000US0638562
Knights Landing,59.0,57.0,2018,96.61016949152543,1600000US0638800
Knightsen,128.0,125.0,2018,97.65625,1600000US0638772
La Canada Flintridge,1792.0,1720.0,2018,95.98214285714286,1600000US0639003
La Crescenta-Montrose,2097.0,2034.0,2018,96.99570815450643,1600000US0639045
La Habra,2044.0,1977.0,2018,96.72211350293543,1600000US0639290
La Habra Heights,104.0,100.0,2018,96.15384615384616,1600000US0639304
La Mesa,3388.0,3199.0,2018,94.42148760330579,1600000US0640004
La Mirada,1700.0,1631.0,2018,95.94117647058825,1600000US0640032
La Palma,983.0,960.0,2018,97.66022380467956,1600000US0640256
La Puente,3361.0,3250.0,2018,96.69741148467718,1600000US0640340
La Quinta,959.0,936.0,2018,97.60166840458811,1600000US0640354
La Selva Beach,32.0,30.0,2018,93.75,1600000US0640508
La Verne,605.0,585.0,2018,96.69421487603306,1600000US0640830
Ladera Ranch,1397.0,1352.0,2018,96.77881173944166,1600000US0639114
Lafayette,1736.0,1679.0,2018,96.71658986175116,1600000US0639122
Laguna Beach,931.0,870.0,2018,93.44790547798067,1600000US0639178
Laguna Hills,487.0,466.0,2018,95.68788501026694,1600000US0639220
Laguna Niguel,2380.0,2254.0,2018,94.70588235294117,1600000US0639248
Laguna Woods,67.0,64.0,2018,95.52238805970148,1600000US0639259
Lake Arrowhead,369.0,359.0,2018,97.289972899729,1600000US0639444
Lake Elsinore,2986.0,2922.0,2018,97.85666443402545,1600000US0639486
Lake Forest,3054.0,2916.0,2018,95.48133595284872,1600000US0639496
Lake Hughes,56.0,52.0,2018,92.85714285714286,1600000US0639556
Lake Isabella,299.0,287.0,2018,95.9866220735786,1600000US0639570
Lakeport,335.0,316.0,2018,94.32835820895522,1600000US0639710
Lakeside,1827.0,1739.0,2018,95.18336070060208,1600000US0639766
Lakewood,2637.0,2560.0,2018,97.08001516875237,1600000US0639892
Lamont,674.0,650.0,2018,96.43916913946587,1600000US0640088
Lancaster,7784.0,7564.0,2018,97.17368961973278,1600000US0640130
Larkspur,457.0,438.0,2018,95.84245076586433,1600000US0640438
Las Flores (Orange County),338.0,330.0,2018,97.63313609467455,1600000US0640526
Lathrop,1058.0,1029.0,2018,97.25897920604915,1600000US0640704
Laton,171.0,165.0,2018,96.49122807017544,1600000US0640746
Lawndale,1768.0,1722.0,2018,97.39819004524887,1600000US0640886
Laytonville,112.0,101.0,2018,90.17857142857143,1600000US0640928
Le Grand,98.0,86.0,2018,87.75510204081633,1600000US0641040
Lebec,101.0,96.0,2018,95.04950495049505,1600000US0640956
Lemon Cove,70.0,66.0,2018,94.28571428571428,1600000US0641110
Lemon Grove,1144.0,1106.0,2018,96.67832167832168,1600000US0641124
Lemoore,1316.0,1267.0,2018,96.27659574468085,1600000US0641152
Lemoore Station,358.0,348.0,2018,97.20670391061452,1600000US0641166
Lennox,1927.0,1834.0,2018,95.17384535547482,1600000US0641180
Lenwood,97.0,93.0,2018,95.87628865979381,1600000US0641194
Lincoln,1775.0,1588.0,2018,89.46478873239437,1600000US0641474
Linden,99.0,97.0,2018,97.97979797979798,1600000US0641670
Lindsay,1008.0,972.0,2018,96.42857142857143,1600000US0641712
Littlerock,318.0,306.0,2018,96.22641509433963,1600000US0641880
Live Oak,958.0,818.0,2018,85.38622129436325,1600000US0641922
Live Oak,958.0,818.0,2018,85.38622129436325,1600000US0641936
Livermore,3933.0,3817.0,2018,97.05059750826341,1600000US0641992
Livingston,865.0,834.0,2018,96.41618497109826,1600000US0642006
Lockeford,99.0,94.0,2018,94.94949494949495,1600000US0642104
Lockwood,24.0,22.0,2018,91.66666666666666,1600000US0642146
Lodi,3556.0,3419.0,2018,96.14735658042744,1600000US0642202
Loma Linda,463.0,453.0,2018,97.8401727861771,1600000US0642370
Lomita,1340.0,1299.0,2018,96.94029850746269,1600000US0642468
Lompoc,2197.0,2144.0,2018,97.58761948111061,1600000US0642524
Lone Pine,50.0,46.0,2018,92.0,1600000US0642580
Long Beach,18030.0,17495.0,2018,97.03272323904604,1600000US0643000
Loomis,803.0,764.0,2018,95.14321295143213,1600000US0643140
Los Alamitos,2001.0,1951.0,2018,97.50124937531236,1600000US0643224
Los Alamos,75.0,69.0,2018,92.0,1600000US0643252
Los Altos,2632.0,2541.0,2018,96.54255319148936,1600000US0643280
Los Altos Hills,193.0,181.0,2018,93.78238341968913,1600000US0643294
Los Angeles,144418.0,138631.0,2018,95.99288177374011,1600000US0644000
Los Banos,2286.0,2237.0,2018,97.8565179352581,1600000US0644028
Los Gatos,2688.0,2589.0,2018,96.31696428571429,1600000US0644112
Los Molinos,155.0,147.0,2018,94.83870967741936,1600000US0644140
Los Olivos,85.0,79.0,2018,92.94117647058823,1600000US0644168
Los Osos,409.0,388.0,2018,94.86552567237165,1600000US0644182
Lost Hills,194.0,181.0,2018,93.29896907216495,1600000US0644280
Lower Lake,217.0,204.0,2018,94.00921658986175,1600000US0644350
Loyalton,89.0,80.0,2018,89.8876404494382,1600000US0644364
Lucerne,89.0,83.0,2018,93.25842696629213,1600000US0644406
Lucerne Valley,139.0,130.0,2018,93.5251798561151,1600000US0644420
Lynwood,3317.0,3174.0,2018,95.68887548990051,1600000US0644574
Madera,4983.0,4803.0,2018,96.38771824202288,1600000US0645022
Madison,42.0,39.0,2018,92.85714285714286,1600000US0645064
Magalia,248.0,234.0,2018,94.35483870967742,1600000US0645120
Malibu,404.0,360.0,2018,89.10891089108911,1600000US0645246
Mammoth Lakes,269.0,254.0,2018,94.42379182156134,1600000US0645358
Manhattan Beach,2767.0,2684.0,2018,97.0003614022407,1600000US0645400
Manteca,3425.0,3304.0,2018,96.46715328467154,1600000US0645484
Maricopa,1329.0,374.0,2018,28.141459744168547,1600000US0645736
Marin City,26.0,24.0,2018,92.3076923076923,1600000US0645820
Marina,581.0,566.0,2018,97.41824440619621,1600000US0645778
Marina del Rey,149.0,145.0,2018,97.31543624161074,1600000US0645806
Mariposa,172.0,159.0,2018,92.44186046511628,1600000US0645932
Martinez,1480.0,1436.0,2018,97.02702702702702,1600000US0646114
Marysville,1253.0,1163.0,2018,92.8172386272945,1600000US0646170
Mather,200.0,189.0,2018,94.5,1600000US0646226
Maxwell,47.0,43.0,2018,91.48936170212765,1600000US0646338
Maywood,1194.0,1151.0,2018,96.39865996649917,1600000US0646492
McArthur,49.0,46.0,2018,93.87755102040816,1600000US0644700
McFarland,723.0,706.0,2018,97.64868603042876,1600000US0644826
McKinleyville,371.0,360.0,2018,97.03504043126685,1600000US0644910
Meadow Vista,164.0,132.0,2018,80.48780487804879,1600000US0646632
Mecca,412.0,402.0,2018,97.57281553398059,1600000US0646660
Mendocino,103.0,89.0,2018,86.40776699029125,1600000US0646814
Mendota,778.0,764.0,2018,98.20051413881748,1600000US0646828
Menifee,3115.0,3046.0,2018,97.78491171749599,1600000US0646842
Menlo Park,2394.0,2289.0,2018,95.6140350877193,1600000US0646870
Mentone,123.0,119.0,2018,96.7479674796748,1600000US0646884
Merced,5814.0,5626.0,2018,96.76642586859305,1600000US0646898
Meridian,460.0,139.0,2018,30.217391304347824,1600000US0646926
Middletown,325.0,304.0,2018,93.53846153846153,1600000US0647332
Midway City,430.0,418.0,2018,97.20930232558139,1600000US0647430
Mill Valley,1413.0,1347.0,2018,95.32908704883228,1600000US0647710
Millbrae,818.0,790.0,2018,96.57701711491443,1600000US0647486
Millville,88.0,78.0,2018,88.63636363636364,1600000US0647724
Milpitas,4236.0,4039.0,2018,95.34938621340888,1600000US0647766
Miranda,63.0,48.0,2018,76.19047619047619,1600000US0648060
Mission Hills,226.0,216.0,2018,95.57522123893806,1600000US0648186
Mission Viejo,4406.0,4237.0,2018,96.16432137993644,1600000US0648256
Modesto,11280.0,10894.0,2018,96.57801418439716,1600000US0648354
Mojave,163.0,157.0,2018,96.31901840490798,1600000US0648452
Monrovia,1366.0,1323.0,2018,96.85212298682285,1600000US0648648
Montague,94.0,85.0,2018,90.42553191489363,1600000US0648690
Montara,76.0,74.0,2018,97.36842105263158,1600000US0648760
Montclair,2058.0,2005.0,2018,97.42468415937805,1600000US0648788
Montebello,2344.0,2256.0,2018,96.24573378839591,1600000US0648816
Monterey,1246.0,1196.0,2018,95.98715890850723,1600000US0648872
Monterey Park,2116.0,2055.0,2018,97.117202268431,1600000US0648914
Moorpark,1393.0,1354.0,2018,97.20028715003589,1600000US0649138
Moraga,883.0,858.0,2018,97.16874292185732,1600000US0649187
Moreno Valley,8768.0,8586.0,2018,97.9242700729927,1600000US0649270
Morgan Hill,2082.0,1986.0,2018,95.38904899135446,1600000US0649278
Morongo Valley,29.0,26.0,2018,89.65517241379311,1600000US0649348
Morro Bay,134.0,129.0,2018,96.26865671641791,1600000US0649362
Mount Hermon,45.0,42.0,2018,93.33333333333333,1600000US0649796
Mount Shasta,264.0,206.0,2018,78.03030303030303,1600000US0649852
Mountain House,952.0,931.0,2018,97.79411764705883,1600000US0649582
Mountain View,6310.0,6114.0,2018,96.89381933438985,1600000US0649651
Mountain View,6310.0,6114.0,2018,96.89381933438985,1600000US0649670
Murphys,41.0,36.0,2018,87.8048780487805,1600000US0650034
Murrieta,5721.0,5557.0,2018,97.13336829225659,1600000US0650076
Napa,3640.0,3465.0,2018,95.1923076923077,1600000US0650258
National City,2543.0,2471.0,2018,97.16869838773103,1600000US0650398
Needles,218.0,212.0,2018,97.24770642201835,1600000US0650734
Nevada City,706.0,523.0,2018,74.07932011331445,1600000US0650874
New Cuyama,30.0,24.0,2018,80.0,1600000US0651028
Newark,2269.0,2202.0,2018,97.04715733803437,1600000US0650916
Newcastle,247.0,211.0,2018,85.4251012145749,1600000US0651000
Newman,606.0,591.0,2018,97.52475247524752,1600000US0651140
Newport Beach,3104.0,2952.0,2018,95.10309278350515,1600000US0651182
Nipomo,379.0,361.0,2018,95.25065963060686,1600000US0651476
Norco,1233.0,1197.0,2018,97.08029197080292,1600000US0651560
North Highlands,1799.0,1625.0,2018,90.32795997776543,1600000US0651924
North Shore,32.0,30.0,2018,93.75,1600000US0652302
North Tustin,83.0,79.0,2018,95.18072289156626,1600000US0652379
Norwalk,3647.0,3550.0,2018,97.34027968193035,1600000US0652526
Novato,2183.0,2109.0,2018,96.61016949152543,1600000US0652582
Nuevo,519.0,509.0,2018,98.07321772639692,1600000US0652624
Oak Hills,32.0,30.0,2018,93.75,1600000US0652760
Oak Park,707.0,689.0,2018,97.45403111739745,1600000US0653116
Oak View,97.0,91.0,2018,93.81443298969072,1600000US0653182
Oakdale,1224.0,1180.0,2018,96.40522875816994,1600000US0652694
Oakhurst,221.0,207.0,2018,93.66515837104072,1600000US0652764
Oakland,14590.0,13918.0,2018,95.39410555174777,1600000US0653000
Oakley,1667.0,1633.0,2018,97.96040791841631,1600000US0653070
Occidental,78.0,70.0,2018,89.74358974358975,1600000US0653266
Oceano,192.0,183.0,2018,95.3125,1600000US0653294
Oceanside,7616.0,7293.0,2018,95.75892857142857,1600000US0653322
Ojai,825.0,693.0,2018,84.0,1600000US0653476
Olivehurst,1092.0,1031.0,2018,94.41391941391942,1600000US0653714
Ontario,6443.0,6283.0,2018,97.51668477417353,1600000US0653896
Orange,4994.0,4762.0,2018,95.35442531037245,1600000US0653980
Orange Cove,678.0,660.0,2018,97.34513274336283,1600000US0654008
Orangevale,1565.0,1495.0,2018,95.52715654952077,1600000US0654092
Orcutt,151.0,142.0,2018,94.03973509933775,1600000US0654120
Orinda,984.0,960.0,2018,97.5609756097561,1600000US0654232
Orland,602.0,581.0,2018,96.51162790697676,1600000US0654274
Orosi,786.0,773.0,2018,98.34605597964376,1600000US0654372
Oroville,1905.0,1819.0,2018,95.48556430446195,1600000US0654386
Oxnard,10223.0,9956.0,2018,97.38824219896313,1600000US0654652
Pacific Grove,495.0,464.0,2018,93.73737373737374,1600000US0654848
Pacifica,1140.0,1083.0,2018,95.0,1600000US0654806
Palermo,198.0,192.0,2018,96.96969696969697,1600000US0655086
Palm Desert,1904.0,1844.0,2018,96.84873949579831,1600000US0655184
Palm Springs,1422.0,1365.0,2018,95.9915611814346,1600000US0655254
Palmdale,8250.0,8073.0,2018,97.85454545454544,1600000US0655156
Palo Alto,4099.0,3943.0,2018,96.1941937057819,1600000US0655282
Palo Cedro,318.0,286.0,2018,89.937106918239,1600000US0655296
Palos Verdes Estates,947.0,930.0,2018,98.20485744456178,1600000US0655380
Paradise,1586.0,1482.0,2018,93.44262295081968,1600000US0655520
Paradise,1586.0,1482.0,2018,93.44262295081968,1600000US0655528
Paramount,2511.0,2391.0,2018,95.22102747909199,1600000US0655618
Parlier,938.0,915.0,2018,97.54797441364606,1600000US0655856
Pasadena,6583.0,6329.0,2018,96.14157678869816,1600000US0656000
Patterson,1401.0,1353.0,2018,96.57387580299786,1600000US0656112
Penn Valley,120.0,114.0,2018,95.0,1600000US0656518
Penngrove,137.0,90.0,2018,65.69343065693431,1600000US0656476
Penryn,54.0,50.0,2018,92.5925925925926,1600000US0656546
Perris,4865.0,4757.0,2018,97.78006166495375,1600000US0656700
Pescadero,23.0,21.0,2018,91.30434782608695,1600000US0656756
Petaluma,3237.0,2902.0,2018,89.65091133765833,1600000US0656784
Phelan,1106.0,1067.0,2018,96.47377938517178,1600000US0656826
Pico Rivera,2298.0,2224.0,2018,96.77980852915579,1600000US0656924
Piedmont,508.0,490.0,2018,96.45669291338582,1600000US0656938
Pine Valley,34.0,32.0,2018,94.11764705882352,1600000US0657260
Pinole,639.0,611.0,2018,95.61815336463224,1600000US0657288
Pinon Hills,102.0,87.0,2018,85.29411764705883,1600000US0657302
Pioneer,48.0,45.0,2018,93.75,1600000US0657330
Piru,76.0,72.0,2018,94.73684210526315,1600000US0657372
Pismo Beach,494.0,477.0,2018,96.5587044534413,1600000US0657414
Pittsburg,2753.0,2674.0,2018,97.13040319651289,1600000US0657456
Pixley,266.0,261.0,2018,98.1203007518797,1600000US0657512
Placentia,2581.0,2520.0,2018,97.6365749709415,1600000US0657526
Placerville,1612.0,1291.0,2018,80.08684863523573,1600000US0657540
Planada,323.0,312.0,2018,96.59442724458205,1600000US0657582
Pleasant Hill,2341.0,2284.0,2018,97.56514310123879,1600000US0657764
Pleasanton,4495.0,4382.0,2018,97.48609566184649,1600000US0657792
Plumas Lake,389.0,380.0,2018,97.68637532133675,1600000US0657829
Plymouth,89.0,83.0,2018,93.25842696629213,1600000US0657834
Point Arena,87.0,81.0,2018,93.10344827586206,1600000US0657876
Point Reyes Station,54.0,49.0,2018,90.74074074074075,1600000US0657960
Pollock Pines,201.0,192.0,2018,95.52238805970148,1600000US0658030
Pomona,5130.0,4976.0,2018,96.99805068226121,1600000US0658072
Port Hueneme,563.0,544.0,2018,96.62522202486679,1600000US0658296
Porterville,4086.0,3977.0,2018,97.33235438081253,1600000US0658240
Portola,189.0,173.0,2018,91.53439153439153,1600000US0658352
Portola Valley,374.0,356.0,2018,95.18716577540107,1600000US0658380
Potrero,30.0,28.0,2018,93.33333333333333,1600000US0658478
Potter Valley,63.0,58.0,2018,92.06349206349206,1600000US0658506
Poway,3396.0,3292.0,2018,96.93757361601885,1600000US0658520
Prunedale,23.0,21.0,2018,91.30434782608695,1600000US0658870
Quartz Hill,187.0,180.0,2018,96.2566844919786,1600000US0659052
Quincy,189.0,169.0,2018,89.41798941798942,1600000US0659080
Rainbow,81.0,74.0,2018,91.35802469135803,1600000US0659248
Raisin City,103.0,96.0,2018,93.20388349514563,1600000US0659290
Ramona,1263.0,1214.0,2018,96.12034837688044,1600000US0659346
Rancho Cordova,2672.0,2538.0,2018,94.98502994011976,1600000US0659444
Rancho Cucamonga,7346.0,7181.0,2018,97.75387966240132,1600000US0659451
Rancho Mirage,178.0,170.0,2018,95.50561797752809,1600000US0659500
Rancho Murieta,48.0,45.0,2018,93.75,1600000US0659506
Rancho Palos Verdes,2164.0,2093.0,2018,96.71903881700554,1600000US0659514
Rancho Santa Fe,604.0,563.0,2018,93.21192052980133,1600000US0659584
Rancho Santa Margarita,2760.0,2657.0,2018,96.26811594202898,1600000US0659587
Red Bluff,1048.0,1005.0,2018,95.8969465648855,1600000US0659892
Redding,3939.0,3701.0,2018,93.95785732419397,1600000US0659920
Redlands,4523.0,4179.0,2018,92.39442847667478,1600000US0659962
Redondo Beach,3026.0,2924.0,2018,96.62921348314607,1600000US0660018
Redway,88.0,70.0,2018,79.54545454545455,1600000US0660088
Redwood City,3405.0,3202.0,2018,94.0381791483113,1600000US0660102
Redwood Valley,151.0,147.0,2018,97.35099337748345,1600000US0660214
Reedley,1639.0,1588.0,2018,96.88834655277608,1600000US0660242
Rialto,4746.0,4624.0,2018,97.42941424357353,1600000US0660466
Richgrove,200.0,194.0,2018,97.0,1600000US0660606
Richmond,3732.0,3573.0,2018,95.7395498392283,1600000US0660620
Ridgecrest,1326.0,1280.0,2018,96.53092006033182,1600000US0660704
Rio Dell,71.0,67.0,2018,94.36619718309859,1600000US0660900
Rio Linda,962.0,866.0,2018,90.02079002079002,1600000US0660942
Rio Vista,140.0,136.0,2018,97.14285714285714,1600000US0660984
Ripon,972.0,888.0,2018,91.35802469135803,1600000US0661026
Riverbank,675.0,661.0,2018,97.92592592592592,1600000US0661068
Riverdale,351.0,337.0,2018,96.01139601139602,1600000US0661096
Riverside,14817.0,14390.0,2018,97.1181750691773,1600000US0662000
Rocklin,3406.0,3247.0,2018,95.33176746917205,1600000US0662364
Rodeo,337.0,324.0,2018,96.14243323442136,1600000US0662490
Rohnert Park,1247.0,1194.0,2018,95.74979951884522,1600000US0662546
Rolling Hills Estates,773.0,731.0,2018,94.56662354463131,1600000US0662644
Romoland,579.0,567.0,2018,97.92746113989638,1600000US0662756
Rosamond,903.0,869.0,2018,96.23477297895903,1600000US0662826
Rosemead,2512.0,2438.0,2018,97.05414012738854,1600000US0662896
Roseville,6659.0,6428.0,2018,96.5310106622616,1600000US0662938
Ross,143.0,134.0,2018,93.7062937062937,1600000US0662980
Rossmoor,30.0,28.0,2018,93.33333333333333,1600000US0663050
Rowland Heights,1268.0,1229.0,2018,96.92429022082018,1600000US0663218
Running Springs,96.0,92.0,2018,95.83333333333334,1600000US0663316
Rutherford,60.0,57.0,2018,95.0,1600000US0663400
Sacramento,30581.0,29192.0,2018,95.45796409535332,1600000US0664000
Salida,523.0,506.0,2018,96.74952198852772,1600000US0664210
Salinas,9274.0,9038.0,2018,97.45525124002587,1600000US0664224
Salton City,214.0,207.0,2018,96.72897196261682,1600000US0664294
San Andreas,145.0,93.0,2018,64.13793103448275,1600000US0664420
San Anselmo,674.0,637.0,2018,94.51038575667656,1600000US0664434
San Bernardino,10951.0,10578.0,2018,96.59391836361976,1600000US0665000
San Bruno,1809.0,1745.0,2018,96.46213377556661,1600000US0665028
San Buenaventura (Ventura),5118.0,4899.0,2018,95.72098475967175,1600000US0665042
San Carlos,1667.0,1614.0,2018,96.82063587282543,1600000US0665070
San Clemente,2541.0,2443.0,2018,96.14325068870524,1600000US0665084
San Diego,52139.0,50219.0,2018,96.31753581771802,1600000US0666000
San Dimas,1653.0,1613.0,2018,97.58015728977615,1600000US0666070
San Fernando,2608.0,2410.0,2018,92.4079754601227,1600000US0666140
San Francisco,24679.0,23274.0,2018,94.30690060375217,1600000US0667000
San Gabriel,1955.0,1896.0,2018,96.98209718670077,1600000US0667042
San Geronimo,51.0,47.0,2018,92.15686274509804,1600000US0667070
San Jacinto,2348.0,2283.0,2018,97.23168654173764,1600000US0667112
San Joaquin,236.0,228.0,2018,96.61016949152543,1600000US0667126
San Jose,39457.0,38122.0,2018,96.61656993689333,1600000US0668000
San Juan Bautista,95.0,88.0,2018,92.63157894736842,1600000US0668014
San Juan Capistrano,2578.0,2303.0,2018,89.33281613653995,1600000US0668028
San Leandro,3222.0,3126.0,2018,97.02048417132217,1600000US0668084
San Lorenzo,1454.0,1412.0,2018,97.11141678129297,1600000US0668112
San Luis Obispo,1879.0,1786.0,2018,95.05055880787653,1600000US0668154
San Marcos,4565.0,4421.0,2018,96.84556407447974,1600000US0668196
San Marino,609.0,594.0,2018,97.53694581280789,1600000US0668224
San Martin,152.0,147.0,2018,96.71052631578947,1600000US0668238
San Mateo,4508.0,4350.0,2018,96.49511978704525,1600000US0668252
San Pablo,1293.0,1255.0,2018,97.06109822119103,1600000US0668294
San Rafael,3197.0,3066.0,2018,95.90240850797622,1600000US0668364
San Ramon,4083.0,3990.0,2018,97.72226304188098,1600000US0668378
Sanger,2093.0,2044.0,2018,97.65886287625418,1600000US0667056
Santa Ana,16240.0,15789.0,2018,97.2229064039409,1600000US0669000
Santa Barbara,4777.0,4571.0,2018,95.68767008582793,1600000US0669070
Santa Clara,4672.0,4518.0,2018,96.70376712328768,1600000US0669084
Santa Clarita,9633.0,9283.0,2018,96.36665628568463,1600000US0669088
Santa Cruz,2357.0,2220.0,2018,94.1875265167586,1600000US0669112
Santa Fe Springs,919.0,877.0,2018,95.42981501632208,1600000US0669154
Santa Margarita,62.0,60.0,2018,96.7741935483871,1600000US0669182
Santa Maria,7171.0,6952.0,2018,96.94603263143216,1600000US0669196
Santa Monica,4356.0,4149.0,2018,95.24793388429752,1600000US0670000
Santa Nella,34.0,32.0,2018,94.11764705882352,1600000US0670028
Santa Paula,1355.0,1306.0,2018,96.38376383763838,1600000US0670042
Santa Rosa,8307.0,7908.0,2018,95.19682195738534,1600000US0670098
Santa Ynez,128.0,118.0,2018,92.1875,1600000US0670182
Santee,2097.0,1951.0,2018,93.03767286599904,1600000US0670224
Saratoga,1582.0,1524.0,2018,96.3337547408344,1600000US0670280
Sausalito,276.0,247.0,2018,89.4927536231884,1600000US0670364
Scotts Valley,651.0,618.0,2018,94.93087557603687,1600000US0670588
Seal Beach,303.0,293.0,2018,96.69966996699671,1600000US0670686
Seaside,1362.0,1323.0,2018,97.13656387665198,1600000US0670742
Sebastopol,861.0,746.0,2018,86.64343786295005,1600000US0670770
Seeley,107.0,100.0,2018,93.45794392523365,1600000US0670798
Selma,2000.0,1946.0,2018,97.3,1600000US0670882
Shafter,1131.0,1101.0,2018,97.34748010610079,1600000US0671106
Shandon,53.0,48.0,2018,90.56603773584906,1600000US0671134
Shasta,25.0,23.0,2018,92.0,1600000US0671218
Shasta Lake,255.0,245.0,2018,96.07843137254902,1600000US0671225
Shingle Springs,294.0,267.0,2018,90.81632653061224,1600000US0671554
Shingletown,78.0,72.0,2018,92.3076923076923,1600000US0671568
Sierra Madre,614.0,575.0,2018,93.64820846905538,1600000US0671806
Signal Hill,658.0,645.0,2018,98.0243161094225,1600000US0671876
Simi Valley,5678.0,5473.0,2018,96.38957379358929,1600000US0672016
Smith River,49.0,45.0,2018,91.83673469387756,1600000US0672380
Solana Beach,1205.0,1152.0,2018,95.60165975103735,1600000US0672506
Soledad,1034.0,1007.0,2018,97.38878143133462,1600000US0672520
Solvang,262.0,253.0,2018,96.56488549618321,1600000US0672576
Sonoma,1140.0,1090.0,2018,95.6140350877193,1600000US0672646
Sonora,744.0,686.0,2018,92.20430107526882,1600000US0672674
Soquel,385.0,339.0,2018,88.05194805194805,1600000US0672688
Soulsbyville,147.0,137.0,2018,93.19727891156462,1600000US0672772
South El Monte,350.0,337.0,2018,96.28571428571429,1600000US0672996
South Gate,4415.0,4294.0,2018,97.25934314835787,1600000US0673080
South Lake Tahoe,1057.0,1005.0,2018,95.08041627246925,1600000US0673108
South Pasadena,1351.0,1305.0,2018,96.59511472982976,1600000US0673220
South San Francisco,2660.0,2580.0,2018,96.99248120300751,1600000US0673262
South San Gabriel,95.0,93.0,2018,97.89473684210527,1600000US0673276
South Whittier,144.0,138.0,2018,95.83333333333334,1600000US0673430
Spreckels,149.0,145.0,2018,97.31543624161074,1600000US0673612
Springville,74.0,69.0,2018,93.24324324324324,1600000US0673710
Squaw Valley,28.0,24.0,2018,85.71428571428571,1600000US0673794
St. Helena,336.0,319.0,2018,94.94047619047619,1600000US0664140
Stanford,880.0,831.0,2018,94.43181818181819,1600000US0673906
Stanton,512.0,496.0,2018,96.875,1600000US0673962
Stevenson Ranch,929.0,903.0,2018,97.20129171151775,1600000US0674130
Stevinson,25.0,23.0,2018,92.0,1600000US0674144
Stockton,17901.0,17137.0,2018,95.73208200659181,1600000US0675000
Stratford,73.0,68.0,2018,93.15068493150685,1600000US0675252
Strathmore,368.0,353.0,2018,95.92391304347827,1600000US0675280
Suisun City,762.0,744.0,2018,97.63779527559055,1600000US0675630
Sunnyside-Tahoe City,241.0,227.0,2018,94.1908713692946,1600000US0676015
Sunnyvale,7728.0,7531.0,2018,97.4508281573499,1600000US0677000
Sunol,95.0,89.0,2018,93.6842105263158,1600000US0677042
Susanville,437.0,420.0,2018,96.10983981693364,1600000US0677364
Sutter,150.0,144.0,2018,96.0,1600000US0677378
Sutter Creek,65.0,63.0,2018,96.92307692307692,1600000US0677392
Taft,662.0,641.0,2018,96.82779456193353,1600000US0677574
Tehachapi,945.0,897.0,2018,94.92063492063491,1600000US0678092
Tehama,47.0,44.0,2018,93.61702127659575,1600000US0678106
Temecula,6406.0,6012.0,2018,93.84951607867625,1600000US0678120
Temple City,1264.0,1232.0,2018,97.46835443037975,1600000US0678148
Templeton,466.0,446.0,2018,95.70815450643777,1600000US0678162
Terra Bella,217.0,213.0,2018,98.15668202764977,1600000US0678288
Thermal,1077.0,1054.0,2018,97.8644382544104,1600000US0678456
Thornton,47.0,43.0,2018,91.48936170212765,1600000US0678568
Thousand Oaks,5076.0,4766.0,2018,93.89282899921197,1600000US0678582
Thousand Palms,231.0,223.0,2018,96.53679653679653,1600000US0678596
Three Rivers,20.0,19.0,2018,95.0,1600000US0678638
Tiburon,580.0,562.0,2018,96.89655172413794,1600000US0678666
Tipton,139.0,135.0,2018,97.12230215827337,1600000US0678750
Tomales,22.0,18.0,2018,81.81818181818183,1600000US0678890
Topanga,92.0,85.0,2018,92.3913043478261,1600000US0678960
Torrance,7205.0,6866.0,2018,95.29493407356003,1600000US0680000
Tracy,4405.0,4227.0,2018,95.95913734392735,1600000US0680238
Tranquillity,35.0,33.0,2018,94.28571428571428,1600000US0680266
Traver,63.0,59.0,2018,93.65079365079364,1600000US0680280
Trinidad,65.0,56.0,2018,86.15384615384616,1600000US0680448
Trona,231.0,66.0,2018,28.57142857142857,1600000US0680515
Truckee,727.0,689.0,2018,94.77303988995874,1600000US0680588
Tulare,3767.0,3682.0,2018,97.74356251659145,1600000US0680644
Tulelake,120.0,112.0,2018,93.33333333333333,1600000US0680686
Tuolumne City,144.0,133.0,2018,92.36111111111111,1600000US0680763
Tupman,26.0,24.0,2018,92.3076923076923,1600000US0680784
Turlock,3403.0,3320.0,2018,97.5609756097561,1600000US0680812
Tustin,3974.0,3858.0,2018,97.08102667337695,1600000US0680854
Twain Harte,65.0,61.0,2018,93.84615384615384,1600000US0680966
Twentynine Palms,849.0,815.0,2018,95.99528857479388,1600000US0680994
Ukiah,1506.0,1429.0,2018,94.88711819389111,1600000US0681134
Union City,2350.0,2291.0,2018,97.48936170212767,1600000US0681204
Upland,3139.0,3035.0,2018,96.68684294361262,1600000US0681344
Upper Lake,140.0,133.0,2018,95.0,1600000US0681358
Vacaville,3217.0,3091.0,2018,96.08330742928194,1600000US0681554
Valinda,430.0,413.0,2018,96.04651162790697,1600000US0681638
Vallejo,2931.0,2835.0,2018,96.72466734902764,1600000US0681666
Valley Center,722.0,708.0,2018,98.06094182825484,1600000US0681736
Valley Springs,396.0,384.0,2018,96.96969696969697,1600000US0681890
Vandenberg AFB,544.0,533.0,2018,97.97794117647058,1600000US0682072
Victor,25.0,23.0,2018,92.0,1600000US0682562
Victorville,6073.0,5900.0,2018,97.1513255392722,1600000US0682590
Villa Park,652.0,643.0,2018,98.61963190184049,1600000US0682744
Visalia,6924.0,6683.0,2018,96.51935297515887,1600000US0682954
Vista,4808.0,4592.0,2018,95.50748752079868,1600000US0682996
Walnut,2593.0,2523.0,2018,97.3004242190513,1600000US0683332
Walnut Creek,3874.0,3728.0,2018,96.23128549303046,1600000US0683346
Walnut Grove,68.0,64.0,2018,94.11764705882352,1600000US0683374
Walnut Park,509.0,501.0,2018,98.42829076620825,1600000US0683402
Wasco,1205.0,1169.0,2018,97.01244813278008,1600000US0683542
Waterford,742.0,587.0,2018,79.11051212938006,1600000US0683612
Watsonville,3657.0,3541.0,2018,96.82800109379272,1600000US0683668
Weaverville,76.0,72.0,2018,94.73684210526315,1600000US0683794
Weed,124.0,115.0,2018,92.74193548387096,1600000US0683850
Weldon,79.0,69.0,2018,87.34177215189874,1600000US0683948
West Covina,4208.0,4000.0,2018,95.05703422053232,1600000US0684200
West Hollywood,286.0,261.0,2018,91.25874125874127,1600000US0684410
West Sacramento,2000.0,1887.0,2018,94.35,1600000US0684816
West Whittier-Los Nietos,183.0,181.0,2018,98.90710382513662,1600000US0684921
Westlake Village,1197.0,1140.0,2018,95.23809523809523,1600000US0684438
Westley,74.0,71.0,2018,95.94594594594594,1600000US0684480
Westminster,3162.0,3056.0,2018,96.64769133459835,1600000US0684550
Westmorland,109.0,101.0,2018,92.66055045871559,1600000US0684606
Wheatland,337.0,328.0,2018,97.3293768545994,1600000US0685012
Whittier,7091.0,6896.0,2018,97.25003525595825,1600000US0685292
Wildomar,1316.0,1277.0,2018,97.03647416413374,1600000US0685446
Williams,316.0,308.0,2018,97.46835443037975,1600000US0685586
Willits,473.0,421.0,2018,89.00634249471459,1600000US0685600
Willow Creek,57.0,53.0,2018,92.98245614035088,1600000US0685642
Willows,397.0,383.0,2018,96.4735516372796,1600000US0685684
Wilton,50.0,49.0,2018,98.0,1600000US0685880
Winchester,998.0,971.0,2018,97.29458917835672,1600000US0685894
Windsor,748.0,732.0,2018,97.86096256684492,1600000US0685922
Winterhaven,127.0,122.0,2018,96.06299212598425,1600000US0686020
Winters,450.0,436.0,2018,96.88888888888889,1600000US0686034
Winton,653.0,628.0,2018,96.17151607963247,1600000US0686076
Woodlake,492.0,482.0,2018,97.96747967479675,1600000US0686300
Woodland,2675.0,2594.0,2018,96.97196261682242,1600000US0686328
Woodside,205.0,198.0,2018,96.58536585365853,1600000US0686440
Wrightwood,88.0,60.0,2018,68.18181818181817,1600000US0686594
Yorba Linda,3841.0,3719.0,2018,96.8237438167144,1600000US0686832
Yountville,20.0,19.0,2018,95.0,1600000US0686930
Yreka,400.0,386.0,2018,96.5,1600000US0686944
Yuba City,3741.0,3607.0,2018,96.41807003475007,1600000US0686972
Yucaipa,1833.0,1785.0,2018,97.38134206219313,1600000US0687042
Yucca Valley,859.0,801.0,2018,93.24796274738067,1600000US0687056
