GEO.id,county,tot_pop,male,female,under_5,5_9,10_14,15_19,20_24,25_34,35_44,45_54,55_59,60_64,65_74,75_84,85_over,median_age,hispanic_latino,white,black,aian,asian,nhopi,other,median_income,insurance,private_insure,public_insure,no_insurance,year
0500000US06001,Alameda ,1494876,733297,761579,98049,93980,89851,99073,105006,227381,228718,220208,93064,75085,87514,52652,24295,36.4,332103,517548,182827,3827,388491,11993,110254,70821,,,,,2011
0500000US06003,Alpine ,1167,605,562,77,106,39,106,126,49,180,190,96,65,90,39,4,40.4,82,765,0,232,39,21,56,59018,,,,,2011
0500000US06005,Amador ,38244,20860,17384,1242,1587,2195,2486,1730,3387,4621,6557,3677,3110,4223,2506,923,48.0,4677,30589,834,824,529,79,1385,56180,,,,,2011
0500000US06007,Butte ,219309,108441,110868,12270,11985,13301,17984,24169,25298,23662,29129,14557,13508,16867,11114,5465,37.2,30476,165531,3105,1761,9217,477,17308,42971,,,,,2011
0500000US06009,Calaveras ,45794,22861,22933,1900,2298,2789,2931,2100,3444,4830,7766,4126,4109,5641,2734,1126,49.0,4688,38272,489,506,591,16,2379,55256,,,,,2011
0500000US06011,Colusa ,21297,10990,10307,1838,1747,1625,1839,1220,2711,2765,2771,1232,1014,1352,867,316,33.5,11460,8735,185,122,219,41,1066,49558,,,,,2011
0500000US06013,Contra Costa ,1037817,506600,531217,66955,71324,73758,73590,59788,127372,150463,161930,67729,57371,68203,40192,19142,38.3,248089,503705,92044,2488,146195,4435,77372,79135,,,,,2011
0500000US06015,Del Norte ,28561,15688,12873,1727,1593,1866,1850,1912,3835,3721,4540,1891,1616,2302,1258,450,38.9,5003,18704,911,1351,891,271,2830,37588,,,,,2011
0500000US06017,El Dorado ,179878,90056,89822,9629,10888,12686,12712,8879,17013,22982,32415,14180,12951,14629,7849,3065,43.1,21222,144557,1331,1252,6034,167,10538,68815,,,,,2011
0500000US06019,Fresno ,920623,460116,460507,78566,73550,75679,79932,74867,131286,114944,113981,47116,38836,48241,29967,13658,30.6,458069,306388,44217,5024,85690,1148,37819,46903,,,,,2011
0500000US06021,Glenn ,28027,14128,13899,2125,1998,2357,2122,1918,3393,3414,3948,1652,1455,1903,1249,493,35.3,10270,15841,231,613,645,9,803,43239,,,,,2011
0500000US06023,Humboldt ,133585,66897,66688,7537,7362,7159,9904,12373,18984,15060,19024,10608,8129,9428,5335,2682,37.3,12771,103777,1545,7418,3109,452,8852,40376,,,,,2011
0500000US06025,Imperial ,171343,88485,82858,13659,13358,14073,15011,13199,23605,22757,22169,9035,6601,9545,6195,2136,31.8,136376,24364,5464,1524,2489,76,1981,39402,,,,,2011
0500000US06027,Inyo ,18457,9329,9128,1084,1025,1078,1219,765,1987,2032,2940,1589,1268,1767,1221,482,45.1,3445,12307,190,1806,268,48,656,49571,,,,,2011
0500000US06029,Kern ,829254,428053,401201,72489,67719,67946,71013,64765,120083,109433,106902,41776,32967,42598,23501,8062,30.6,402444,325055,45154,5340,32350,828,34639,48021,,,,,2011
0500000US06031,Kings ,152335,86391,65944,12876,11955,10566,11556,13299,25474,22350,19925,7119,5347,6806,3718,1344,31.0,76401,54952,10526,1275,5514,353,6429,48838,,,,,2011
0500000US06033,Lake ,64392,32458,31934,3474,3974,3719,4272,3177,6470,7501,10192,4989,5453,6340,3218,1613,44.3,10784,47937,1414,1619,724,131,3415,39525,,,,,2011
0500000US06035,Lassen ,35001,22985,12016,1821,1207,1901,2009,3119,6474,5590,5402,2355,1764,1861,1097,401,37.0,6075,23314,2997,1207,442,162,1414,52484,,,,,2011
0500000US06037,Los Angeles ,9787747,4826636,4961111,654277,636761,687314,749978,741112,1482385,1446892,1355783,546711,437540,555360,346728,146906,34.6,4644328,2749159,816625,17324,1331809,23979,383199,56266,,,,,2011
0500000US06039,Madera ,149611,72056,77555,12088,11306,11805,12391,10748,20150,19232,19434,8459,7164,9491,5349,1994,33.2,79037,58157,4735,1707,2735,755,4864,47724,,,,,2011
0500000US06041,Marin ,250666,123455,127211,14071,14972,14124,12799,10423,24334,37335,42224,21226,18176,22179,12742,6061,44.3,37344,184503,6957,364,13924,507,13543,89605,,,,,2011
0500000US06043,Mariposa ,18290,9259,9031,822,847,1074,968,716,1805,1953,3205,1799,1354,2134,1250,363,48.4,1727,15209,180,288,200,46,1280,49174,,,,,2011
0500000US06045,Mendocino ,87525,43956,43569,5342,5359,5171,5793,5139,10262,10307,12728,7116,6852,7484,4205,1767,41.4,18964,60561,737,3584,1449,200,3963,44527,,,,,2011
0500000US06047,Merced ,253606,127671,125935,22352,21722,22285,23988,20072,34691,32351,30826,11995,9905,12897,7759,2763,29.5,137974,82235,8925,1182,18640,487,7879,43945,,,,,2011
0500000US06049,Modoc ,9587,4822,4765,508,532,667,534,414,955,957,1565,806,795,1101,506,247,46.5,1290,7570,108,321,73,8,434,35402,,,,,2011
0500000US06051,Mono ,14016,7554,6462,902,652,1028,797,1071,2222,2025,2136,900,1021,880,305,77,36.5,3613,9623,121,398,74,47,280,60469,,,,,2011
0500000US06053,Monterey ,411385,211665,199720,32869,30054,28576,32342,32357,61339,55203,53190,22415,19536,22199,15149,6156,32.8,224435,138147,11908,1278,24396,1826,17947,59737,,,,,2011
0500000US06055,Napa ,135377,67452,67925,8089,8412,9129,9398,8464,16423,17917,19851,8830,8528,10235,6601,3500,39.5,42603,77582,2635,454,8944,371,5338,68641,,,,,2011
0500000US06057,Nevada ,98392,48867,49525,4304,5151,5715,6198,4608,8950,11040,16095,9561,8000,10263,6084,2423,47.3,8185,85453,455,743,1340,128,4118,58077,,,,,2011
0500000US06059,Orange ,2989948,1479611,1510337,194230,200060,208103,223223,211548,413879,445323,437740,171737,141984,181623,112526,47972,36.0,994279,1339135,45836,6902,528429,8736,125312,75762,,,,,2011
0500000US06061,Placer ,343554,167829,175725,20840,23287,24713,23868,18224,38083,47224,52493,22615,20237,27969,17394,6607,40.0,43268,262970,4297,2173,20048,637,19549,74645,,,,,2011
0500000US06063,Plumas ,20192,10230,9962,865,1120,1056,1169,828,1688,2240,3280,2116,1758,2471,1078,523,49.0,1617,17254,253,516,208,18,652,44151,,,,,2011
0500000US06065,Riverside ,2154844,1073455,1081389,163060,165272,176611,182778,150731,278778,294900,284869,111346,93943,136383,86799,29374,33.5,968700,867229,128231,10416,124152,6144,93869,58365,,,,,2011
0500000US06067,Sacramento ,1408480,690157,718323,100877,96870,100733,104203,101185,205948,193225,198770,84283,66099,81548,52264,22475,34.7,298709,690766,139399,8240,199123,13440,113293,56553,,,,,2011
0500000US06069,San Benito ,54873,27417,27456,4127,4215,4764,4579,3499,7023,7665,8040,3276,2357,2961,1678,689,33.9,30497,21175,490,215,1289,0,2230,65570,,,,,2011
0500000US06071,San Bernardino ,2023452,1007191,1016261,159949,156714,170592,179155,158480,281408,276298,274238,105896,83739,100618,55883,20482,31.4,984022,685741,168190,7889,123415,5658,92190,55853,,,,,2011
0500000US06073,San Diego ,3060849,1536200,1524649,203716,193855,195273,223223,266614,465473,423104,425778,175075,143030,176166,117305,52237,34.6,967858,1500123,146379,10906,326884,12903,185230,63857,,,,,2011
0500000US06075,San Francisco ,797983,404490,393493,35295,28073,26106,34147,58320,167453,134179,110871,50422,43840,53817,38081,17379,38.4,119029,334808,47345,2064,265685,3234,48741,72947,,,,,2011
0500000US06077,San Joaquin ,680277,339095,341182,54758,53657,56793,57836,48242,90083,91955,90688,37490,28952,37329,22945,9549,32.5,260636,248594,46907,3043,95230,3229,44114,53764,,,,,2011
0500000US06079,San Luis Obispo ,267871,137401,130470,13314,12912,14661,22756,28245,30718,29836,39677,19489,16019,20502,13543,6199,39.1,54537,191177,5625,1436,8433,277,12185,58630,,,,,2011
0500000US06081,San Mateo ,711622,349833,361789,46262,44213,41254,41393,39871,98624,108829,109438,47007,39826,48684,31276,14945,39.2,177003,306965,19352,1214,173062,10403,45000,87633,,,,,2011
0500000US06083,Santa Barbara ,419793,210649,209144,27237,25609,26092,38461,44637,55240,50758,54517,23277,20179,26169,18365,9252,33.4,175692,205066,6995,2234,20063,749,17335,61896,,,,,2011
0500000US06085,Santa Clara ,1762754,885307,877447,124848,118016,112994,113788,112630,269462,279458,258928,100299,79909,103118,63472,25832,36.0,468262,632114,41881,4443,555773,5990,103666,89064,,,,,2011
0500000US06087,Santa Cruz ,259402,129383,130019,14836,14960,15051,21983,25540,32232,33323,38749,18832,15406,15130,9158,4202,36.7,81507,156125,2472,747,10321,363,15106,66030,,,,,2011
0500000US06089,Shasta ,177231,87182,90049,10321,10351,11865,12567,11179,19441,20549,26514,13368,11741,16057,9231,4047,41.6,14622,146558,1610,3571,4483,269,12096,44058,,,,,2011
0500000US06091,Sierra ,3277,1575,1702,132,118,178,242,84,156,342,618,475,241,400,249,42,51.5,247,2968,38,11,3,0,19,50308,,,,,2011
0500000US06093,Siskiyou ,44687,22245,22442,2374,2666,2483,2841,2155,4119,4678,7012,3781,3874,4836,2869,999,46.9,4544,35688,516,1250,588,106,3956,37865,,,,,2011
0500000US06095,Solano ,411620,205762,205858,26967,28522,27741,30688,28784,54610,55735,63550,26436,22911,25148,14795,5733,36.7,97268,169645,58884,1624,58213,3316,42907,69914,,,,,2011
0500000US06097,Sonoma ,478551,235316,243235,28071,28681,29854,33352,31694,59646,61751,73547,35163,31190,33817,20821,10964,39.7,116222,320066,6808,3851,18799,1358,22109,64343,,,,,2011
0500000US06099,Stanislaus ,512469,253770,258699,40202,38569,42799,42710,37221,69901,67791,68804,28914,21667,28882,17410,7599,32.6,211811,242716,13329,2940,25837,3207,24327,50671,,,,,2011
0500000US06101,Sutter ,94192,46861,47331,7242,7320,6906,7278,6350,12655,12372,12556,4912,4829,6438,4105,1229,34.4,26642,48205,1670,682,12935,281,7352,50010,,,,,2011
0500000US06103,Tehama ,62985,31320,31665,4335,4081,4671,4733,3577,7086,7493,9065,4532,3405,5717,3181,1109,39.4,13491,45591,418,1116,688,69,3196,38753,,,,,2011
0500000US06105,Trinity ,13711,7116,6595,790,655,620,689,604,1332,1392,2335,1319,1369,1550,619,437,49.3,924,11446,53,220,152,40,1721,37672,,,,,2011
0500000US06107,Tulare ,436234,218666,217568,40888,37095,40357,38495,32207,60900,54778,51635,21813,17058,22352,13126,5530,29.5,260798,145490,5453,3010,14175,284,13434,43550,,,,,2011
0500000US06109,Tuolumne ,55736,29370,26366,2489,2595,2824,3353,3128,5929,6138,8937,4886,4319,6060,3689,1389,47.2,5861,45448,1154,900,580,78,3004,47359,,,,,2011
0500000US06111,Ventura ,815745,405416,410329,55630,56951,59918,64033,55774,103607,112831,122334,48986,41497,49884,31020,13280,36.2,323735,402322,12905,1700,54848,1319,36654,76728,,,,,2011
0500000US06113,Yolo ,198889,96986,101903,12374,12452,11974,19652,28242,27424,23719,24534,10541,8641,10165,6374,2797,30.1,59340,99980,4674,1222,25199,1005,14381,57920,,,,,2011
0500000US06115,Yuba ,71817,36252,35565,6253,5637,5732,5569,5300,10561,8928,9380,3814,3569,3932,2370,772,31.7,17687,42295,1849,957,4979,221,7282,46617,,,,,2011
0500000US06001,Alameda ,1515136,742993,772143,98185,95028,90384,98725,107624,230168,228990,221741,95216,78938,91973,53163,25001,36.6,339441,516580,181711,4318,397475,12442,120919,71516,1316411.0,1065525.0,376206.0,185774.0,2012
0500000US06003,Alpine ,1197,669,528,60,96,43,109,88,85,161,171,145,92,87,55,5,43.2,78,835,0,230,32,22,0,59931,906.0,649.0,363.0,291.0,2012
0500000US06005,Amador ,37764,20542,17222,1345,1706,1845,2356,1640,3428,4462,6293,3729,3098,4543,2389,930,48.4,4673,30248,946,707,473,46,1317,53462,29297.0,23254.0,13004.0,4021.0,2012
0500000US06007,Butte ,220101,108961,111140,12340,12030,13211,17208,24468,25959,23423,28570,14860,13944,17445,11261,5382,37.3,31256,165440,2982,1712,9195,390,18141,43339,182717.0,130226.0,82655.0,35348.0,2012
0500000US06009,Calaveras ,45507,22871,22636,1838,2338,2626,2933,2014,3421,4592,7481,4290,4158,5950,2706,1160,49.5,4738,37944,468,354,619,20,2647,54686,39963.0,31832.0,16796.0,5041.0,2012
0500000US06011,Colusa ,21329,11019,10310,1833,1785,1601,1802,1272,2662,2736,2771,1151,1168,1394,877,277,33.9,11740,8535,157,109,223,45,1040,52165,16636.0,10640.0,8038.0,4447.0,2012
0500000US06013,Contra Costa ,1052047,513441,538606,66847,72770,73362,73605,61194,129638,149494,163310,69637,59612,72215,40767,19596,38.5,255128,503249,93001,2580,150514,4507,82499,78187,923084.0,779845.0,255159.0,123086.0,2012
0500000US06015,Del Norte ,28496,15677,12819,1705,1418,1829,1833,1997,4051,3486,4441,1988,1680,2397,1188,483,38.8,5119,18514,1069,1366,866,139,2798,39626,21601.0,13524.0,11633.0,3492.0,2012
0500000US06017,El Dorado ,180441,90422,90019,9305,11015,12386,12461,9117,17313,22032,31990,14519,13522,15672,7814,3295,43.5,21650,144479,1298,1247,6094,104,11096,70117,160704.0,137364.0,48682.0,18784.0,2012
0500000US06019,Fresno ,930517,464903,465614,79126,75575,74661,79200,76351,133151,114695,114508,48243,40628,50221,29985,14173,30.7,467958,303916,44497,5007,87152,1122,39593,45741,735965.0,453219.0,359925.0,182614.0,2012
0500000US06021,Glenn ,28078,14207,13871,2104,1804,2515,2080,1976,3132,3523,4020,1637,1581,2027,1119,560,36.5,10525,15674,211,572,680,4,789,42641,21934.0,14065.0,11220.0,5780.0,2012
0500000US06023,Humboldt ,134317,67287,67030,7583,7348,7229,9631,12272,19417,15153,18471,10854,8489,9886,5431,2553,37.5,13208,103889,1584,7398,3195,467,9054,40830,107079.0,76008.0,46988.0,25935.0,2012
0500000US06025,Imperial ,173487,89318,84169,13829,13827,13849,14921,13522,23819,22556,22281,9811,6709,9826,6427,2110,31.8,139382,23876,5064,1437,2420,109,2236,41255,127929.0,73384.0,64608.0,35202.0,2012
0500000US06027,Inyo ,18474,9396,9078,1084,957,1134,1099,870,1979,1951,2920,1599,1359,1783,1207,532,45.7,3575,12202,152,1859,264,80,598,45000,15267.0,11273.0,6939.0,2969.0,2012
0500000US06029,Kern ,839153,432484,406669,73121,69199,67818,70911,66229,122108,108594,107498,42953,34624,44074,23742,8282,30.7,412779,323572,44582,5374,33404,917,35819,47727,643207.0,420201.0,290377.0,163266.0,2012
0500000US06031,Kings ,151982,85499,66483,12819,12139,10489,11401,13038,25091,22127,19916,7368,5450,6956,3784,1404,31.2,77382,53890,9978,1229,5395,278,7280,48761,105593.0,73316.0,42848.0,25886.0,2012
0500000US06033,Lake ,64360,32529,31831,3554,3721,3762,4123,3293,6570,7258,9976,5197,5529,6581,3168,1628,44.8,11068,47662,1417,1569,712,97,3544,38147,51422.0,32306.0,28657.0,12279.0,2012
0500000US06035,Lassen ,34628,22681,11947,1575,1278,1792,1904,3263,6389,5458,5406,2247,1825,1984,1170,337,37.4,6108,23029,2852,1073,428,205,1678,51921,21908.0,16672.0,8611.0,2600.0,2012
0500000US06037,Los Angeles ,9840024,4852259,4987765,651662,632456,676243,743187,756110,1487070,1433644,1363713,561403,455981,576609,348727,153219,34.8,4694846,2731605,809858,17371,1343920,23520,413196,56241,7597168.0,5389571.0,2819442.0,2168228.0,2012
0500000US06039,Madera ,150615,72557,78058,12119,11515,11929,11896,10819,20631,19182,19201,8347,7497,10025,5477,1977,33.2,80939,57468,4802,1707,2798,507,4717,47937,112369.0,66210.0,59338.0,30034.0,2012
0500000US06041,Marin ,252759,124430,128329,13849,14995,14646,13039,10296,24594,36465,42156,20996,18949,23538,13037,6199,44.6,38605,184847,6804,398,14306,508,13847,90962,222971.0,197192.0,61728.0,23192.0,2012
0500000US06043,Mariposa ,18193,9130,9063,745,720,1111,896,795,1749,1852,3213,1774,1473,2255,1329,281,49.4,1714,15110,141,435,272,39,964,52584,15669.0,11557.0,7403.0,2409.0,2012
0500000US06045,Mendocino ,87577,43930,43647,5283,5064,5529,5662,5144,10152,10251,12311,7276,6915,7815,4212,1963,41.7,19426,59992,650,3286,1569,165,4791,43721,70382.0,45641.0,35625.0,16256.0,2012
0500000US06047,Merced ,256398,129131,127267,22142,21506,22656,24182,20510,35169,32215,31084,12547,10110,13462,7995,2820,29.7,141027,81483,8857,1085,19035,546,8334,43565,205290.0,126233.0,99978.0,48242.0,2012
0500000US06049,Modoc ,9545,4829,4716,482,462,719,585,453,851,977,1515,861,713,1151,554,222,46.8,1337,7518,129,270,28,0,526,37482,7640.0,5100.0,4130.0,1548.0,2012
0500000US06051,Mono ,14181,7516,6665,875,812,986,775,1056,2118,2086,2168,1004,941,914,307,139,37.1,3747,9674,69,219,111,28,666,61868,11088.0,9107.0,3372.0,2908.0,2012
0500000US06053,Monterey ,416199,214090,202109,33021,31302,28285,32232,32818,62272,54964,53192,22811,20474,23299,14554,6975,32.9,230202,137358,11516,1097,25265,1872,17379,60143,313768.0,231594.0,121208.0,83680.0,2012
0500000US06055,Napa ,136644,68206,68438,8086,8621,8930,9450,8570,16644,17870,19736,9315,8558,10690,6722,3452,39.6,43897,77227,2646,462,9241,416,5235,69571,115393.0,98044.0,35670.0,19127.0,2012
0500000US06057,Nevada ,98521,48924,49597,4371,5026,5530,6116,4603,9149,10550,15725,9376,8622,10832,5934,2687,48.0,8400,85313,300,849,1353,131,4256,57382,83407.0,68522.0,32583.0,14275.0,2012
0500000US06059,Orange ,3021840,1495127,1526713,193834,199596,208315,223503,217265,417039,440647,443053,178193,146123,190359,113465,50448,36.2,1015013,1332316,45438,6676,542857,8823,134805,75566,2487548.0,1989633.0,720158.0,517292.0,2012
0500000US06061,Placer ,350074,170983,179091,20823,23815,24687,24261,18615,38956,47028,53086,23245,21090,29642,17684,7142,40.2,44888,266065,4095,2015,21306,725,21211,73356,315560.0,279202.0,84618.0,32146.0,2012
0500000US06063,Plumas ,19926,10031,9895,902,919,1135,1079,902,1797,2073,3054,2100,1695,2652,1243,375,49.4,1604,16965,253,370,234,172,656,45358,16062.0,12390.0,7559.0,3699.0,2012
0500000US06065,Riverside ,2192982,1091924,1101058,162885,167030,176811,184130,156519,284327,294229,290891,115963,98604,142535,88061,30997,33.7,998113,867580,129961,10616,127477,5947,100884,57096,1734530.0,1263773.0,658990.0,434493.0,2012
0500000US06067,Sacramento ,1422348,696786,725562,100916,97705,100274,103345,103286,208310,191818,199297,85826,70452,85133,52273,23713,34.9,305985,688966,138550,7709,202614,13737,125352,55846,1207326.0,904510.0,447096.0,194999.0,2012
0500000US06069,San Benito ,55467,27693,27774,4075,4320,4649,4572,3613,7085,7542,8167,3310,2612,3139,1701,682,34.1,31300,21094,445,176,1240,0,2273,63939,46229.0,35251.0,15924.0,9000.0,2012
0500000US06071,San Bernardino ,2041029,1015499,1025530,159294,156851,168576,177644,162538,284640,274096,275815,109534,88211,105517,56868,21445,31.7,1005858,677104,169394,7702,126685,6128,91940,54750,1592702.0,1116296.0,605959.0,408678.0,2012
0500000US06073,San Diego ,3100500,1556457,1544043,205350,195795,195217,222528,270586,474450,422022,427908,182201,148263,184357,116749,55074,34.7,992087,1502635,148249,11009,336129,13480,188633,63373,2485380.0,2009611.0,747564.0,511478.0,2012
0500000US06075,San Francisco ,807755,409803,397952,35811,28358,26545,34780,57482,170852,134483,111494,50156,46777,55140,38387,17490,38.5,121628,337443,46293,2044,268548,3422,53576,73802,712738.0,571214.0,210244.0,90771.0,2012
0500000US06077,San Joaquin ,687036,342120,344916,54511,54660,56276,57554,49378,91032,91178,91392,38852,30047,39159,22928,10069,32.6,266808,246851,46941,2939,96169,3382,46781,53895,564165.0,400595.0,223807.0,114008.0,2012
0500000US06079,San Luis Obispo ,270121,138319,131802,13375,13047,14784,22108,28136,31644,29540,39039,19775,17173,21617,13241,6642,39.3,56068,191834,5475,1311,8925,310,11971,59628,223717.0,188096.0,72247.0,37710.0,2012
0500000US06081,San Mateo ,721183,354728,366455,46276,45401,41489,41364,40267,100184,108827,110147,48117,41511,50844,31767,14989,39.3,181328,306464,18910,1021,177813,10448,48239,87751,636799.0,546518.0,164661.0,79102.0,2012
0500000US06083,Santa Barbara ,423594,212662,210932,27600,25982,26300,37860,44513,56486,50385,54554,24295,20747,27083,17865,9924,33.6,180631,203859,7171,2204,19799,767,17814,62723,340502.0,262636.0,122246.0,75355.0,2012
0500000US06085,Santa Clara ,1788393,898013,890380,124697,121462,113656,113977,114059,271796,279838,262675,103527,83498,107718,64532,26958,36.2,478065,629179,42681,4271,572416,6046,107054,90747,1574392.0,1315049.0,402091.0,203337.0,2012
0500000US06087,Santa Cruz ,262340,130813,131527,15020,14789,15374,22208,25592,32659,33112,38295,19820,15783,16196,9026,4466,36.9,83709,156894,2573,689,10483,377,14920,66571,222880.0,179606.0,66991.0,37821.0,2012
0500000US06089,Shasta ,177693,87442,90251,10368,10313,11650,12372,11192,19849,19899,26121,13364,12266,16864,9394,4041,41.9,14994,146440,1563,3688,4599,307,12108,44396,147568.0,101971.0,71098.0,28641.0,2012
0500000US06091,Sierra ,3163,1552,1611,163,131,134,198,65,195,377,532,408,271,412,224,53,51.6,281,2806,36,10,4,18,15,42500,2507.0,1899.0,1091.0,631.0,2012
0500000US06093,Siskiyou ,44673,22262,22411,2389,2634,2486,2770,2191,4227,4560,6705,3881,3911,5057,2782,1080,47.0,4652,35501,541,1206,601,109,4093,37948,37517.0,24739.0,19922.0,6844.0,2012
0500000US06095,Solano ,414209,206891,207318,26806,27833,27966,30174,29410,55306,54558,63308,27407,23885,26557,15051,5948,37.0,99502,168848,57592,1336,60320,3563,44500,69006,347209.0,281317.0,109731.0,47505.0,2012
0500000US06097,Sonoma ,483456,237760,245696,28087,29380,29343,33159,32192,60871,60787,72806,35623,32805,36257,20773,11373,39.8,119747,320460,7063,3482,19265,1344,23288,63565,411768.0,335983.0,133370.0,66793.0,2012
0500000US06099,Stanislaus ,515115,254802,260313,39997,38272,42740,42239,37779,70423,67063,68821,29172,23145,30157,17367,7940,32.8,216009,240545,13250,2834,25918,3290,25612,49866,422307.0,290544.0,175980.0,89254.0,2012
0500000US06101,Sutter ,94615,47074,47541,7107,7578,6730,7243,6570,12638,12053,12573,5094,4888,6705,4094,1342,34.5,27119,47771,1536,786,13147,280,7835,50510,75612.0,51014.0,34171.0,17490.0,2012
0500000US06103,Tehama ,63200,31428,31772,4285,4205,4561,4607,3646,7173,7354,9016,4521,3679,5801,3233,1119,39.6,13885,45453,360,1160,688,57,3179,40307,51377.0,32559.0,28198.0,10972.0,2012
0500000US06105,Trinity ,13693,7015,6678,814,598,761,641,601,1304,1369,2222,1428,1215,1654,664,422,49.2,956,11418,119,166,152,37,1661,36569,10494.0,6392.0,6252.0,2989.0,2012
0500000US06107,Tulare ,441877,221571,220306,41165,37960,40358,38500,32874,61891,54761,52116,22208,17946,23195,13424,5479,29.7,267639,144029,5559,2833,13883,354,14561,43803,340796.0,201400.0,173789.0,96718.0,2012
0500000US06109,Tuolumne ,55205,28964,26241,2427,2674,2606,3234,3023,5939,5892,8656,4856,4483,6317,3589,1509,48.0,5935,44945,1105,807,568,64,3128,48169,45167.0,34112.0,22067.0,6400.0,2012
0500000US06111,Ventura ,822794,408800,413994,55347,57902,58806,63567,56961,105087,111027,122693,50430,43320,52340,31424,13890,36.4,331225,400432,12937,1626,55605,1236,38368,76483,682255.0,553511.0,205592.0,131645.0,2012
0500000US06113,Yolo ,200873,98020,102853,12394,12380,12343,19222,28098,27725,23910,24736,10890,9143,10728,6345,2959,30.5,60939,100254,4748,1117,25323,1016,14488,57260,175627.0,144521.0,48032.0,23728.0,2012
0500000US06115,Yuba ,72244,36580,35664,6171,5715,5717,5418,5433,10694,8740,9452,3853,3750,4158,2349,794,31.9,18193,42230,1975,776,5056,258,7127,46641,59098.0,36745.0,30201.0,10719.0,2012
0500000US06001,Alameda ,1535248,752840,782408,97522,94982,92140,97754,108594,234330,230137,223001,96609,83479,97512,52967,26221,36.8,345847,517764,181315,4484,408556,12230,125705,72112,1331504.0,1069074.0,391370.0,191264.0,2013
0500000US06003,Alpine ,1165,708,457,43,112,42,90,64,83,162,115,142,86,113,113,0,44.3,87,823,7,200,17,27,8,58636,891.0,586.0,467.0,274.0,2013
0500000US06005,Amador ,37422,20236,17186,1290,1701,1734,2160,1681,3417,4271,6185,3679,3158,4756,2459,931,49.1,4710,29928,893,623,503,79,1372,53684,29285.0,23063.0,13480.0,3834.0,2013
0500000US06007,Butte ,220542,109200,111342,12245,12180,13072,16640,25197,26304,23228,27669,14931,14226,18166,11175,5509,37.0,32084,164932,2795,1677,9406,333,18564,43752,184152.0,129994.0,84339.0,34272.0,2013
0500000US06009,Calaveras ,45147,22612,22535,1846,2374,2509,2811,2061,3408,4420,7147,4394,4080,6245,2592,1260,50.0,4794,37570,378,349,553,9,2981,55295,39532.0,31614.0,16868.0,5141.0,2013
0500000US06011,Colusa ,21366,11064,10302,1770,1768,1619,1720,1370,2688,2686,2750,1145,1239,1435,935,241,33.9,11953,8338,174,181,245,16,918,52158,16542.0,10497.0,8041.0,4581.0,2013
0500000US06013,Contra Costa ,1065794,520220,545574,66149,74174,73211,73579,63053,131727,148550,164085,71063,62152,76680,41121,20250,38.6,261427,503167,93777,2869,154869,4731,86775,78756,933765.0,780247.0,269498.0,126165.0,2013
0500000US06015,Del Norte ,28357,15733,12624,1820,1557,1558,1941,1944,3827,3436,4515,1928,1805,2411,1184,431,39.1,5217,18205,889,1223,709,100,3988,37909,21153.0,12765.0,11850.0,3726.0,2013
0500000US06017,El Dorado ,180982,90576,90406,8982,11023,12164,12328,9487,17334,21363,31220,15508,13446,16672,7983,3472,44.1,22034,144293,1480,1281,6358,188,10618,69297,161594.0,137085.0,50234.0,18382.0,2013
0500000US06019,Fresno ,939605,469204,470401,79482,77388,73890,77505,77703,135615,114748,114497,49878,41711,52629,29957,14602,30.9,477078,302091,45457,4814,88753,1216,38606,45563,746473.0,453593.0,372847.0,181440.0,2013
0500000US06021,Glenn ,28054,14194,13860,2037,1892,2466,2126,1788,3118,3563,3915,1515,1822,2099,1225,488,37.2,10726,15447,196,543,703,36,781,43023,21992.0,14269.0,10933.0,5722.0,2013
0500000US06023,Humboldt ,134613,67457,67156,7464,7293,7239,9629,12474,19293,15368,17755,10930,8759,10361,5600,2448,37.5,13584,103483,1552,7260,3070,465,10183,41426,107595.0,75594.0,48523.0,25856.0,2013
0500000US06025,Imperial ,175201,90083,85118,14112,14160,13706,14594,14014,24169,22182,22204,9962,7136,10209,6589,2164,31.8,141709,23456,4938,1343,2308,99,2585,41807,129824.0,74240.0,65617.0,35097.0,2013
0500000US06027,Inyo ,18482,9312,9170,1095,921,1149,1082,863,2038,1950,2776,1519,1525,1833,1180,551,45.7,3684,12051,170,1913,271,32,632,44796,15449.0,11319.0,7034.0,2737.0,2013
0500000US06029,Kern ,848204,436648,411556,72910,70865,67762,69911,68057,124344,108372,107313,43749,36627,45733,24056,8505,30.8,422395,321424,45164,5536,35050,973,34206,48552,652377.0,420709.0,296735.0,164775.0,2013
0500000US06031,Kings ,151806,85119,66687,12714,11785,10974,11147,13079,24991,21806,19719,7550,5551,7206,3794,1490,31.1,78236,53046,9843,1200,5292,315,7344,48133,106674.0,73001.0,44217.0,24908.0,2013
0500000US06033,Lake ,64260,32366,31894,3543,3468,3820,4147,3330,6714,7031,9573,5374,5487,6874,3235,1664,45.1,11323,47227,1480,1855,785,148,2738,36548,51460.0,31139.0,29710.0,12130.0,2013
0500000US06035,Lassen ,34018,22555,11463,1518,1206,1672,1774,3247,6570,5247,5180,2310,1790,1990,1122,392,37.3,6084,22540,2824,1026,453,218,1587,53107,21181.0,15764.0,8584.0,2495.0,2013
0500000US06037,Los Angeles ,9893481,4878648,5014833,646180,630923,662325,729373,767908,1501451,1422582,1370135,577663,473919,600620,350713,159689,35.1,4741492,2721187,803913,17674,1356049,23829,434741,55909,7642462.0,5333687.0,2912806.0,2177718.0,2013
0500000US06039,Madera ,151435,73133,78302,11960,11992,11759,11697,11165,20832,18904,19013,8197,7978,10403,5559,1976,33.2,82456,56775,4641,1687,2942,625,4513,45625,114168.0,65133.0,62527.0,29608.0,2013
0500000US06041,Marin ,254643,125104,129539,13558,15099,15289,13453,10215,24485,35750,41844,20913,19411,25116,13231,6279,44.8,39540,185230,6682,489,14253,518,14974,90839,226350.0,197271.0,65210.0,22141.0,2013
0500000US06043,Mariposa ,18061,9071,8990,737,711,1065,1059,856,1643,1674,3037,1777,1533,2365,1319,285,50.1,1717,14939,158,418,195,81,1106,49820,15713.0,11601.0,7374.0,2218.0,2013
0500000US06045,Mendocino ,87497,43906,43591,5136,5108,5540,5529,4865,10382,10322,11886,6936,7244,8316,4252,1981,41.8,19856,59274,591,3015,1521,180,5800,43469,70526.0,44210.0,36967.0,16043.0,2013
0500000US06047,Merced ,258707,130511,128196,21921,21484,22813,23822,21063,35644,32230,31124,13184,10236,14062,8239,2885,30.0,143858,80708,8873,981,19445,511,8359,42591,206645.0,124125.0,103242.0,49068.0,2013
0500000US06049,Modoc ,9468,4777,4691,499,428,699,549,486,856,934,1483,819,747,1160,599,209,46.9,1353,7420,125,255,24,0,582,36212,7466.0,4828.0,4189.0,1661.0,2013
0500000US06051,Mono ,14217,7563,6654,837,856,879,846,1031,2182,2009,2133,1138,822,1013,339,132,37.2,3817,9603,45,195,110,94,706,61757,11187.0,8703.0,3865.0,2917.0,2013
0500000US06053,Monterey ,420569,216345,204224,33063,31711,28990,31592,33043,63216,55305,52895,23067,21417,24488,14701,7081,33.0,235119,136539,11222,1227,25117,2019,18311,59168,315069.0,228910.0,124483.0,86719.0,2013
0500000US06055,Napa ,137837,68721,69116,8039,8570,9034,9465,8801,16870,17649,19685,9578,8672,11297,6618,3559,39.8,44942,76851,2771,477,9516,327,5762,70443,116135.0,97898.0,36545.0,19708.0,2013
0500000US06057,Nevada ,98509,48894,49615,4238,5111,5365,5925,4584,9340,10406,15082,9055,9206,11487,5932,2778,48.5,8598,84987,329,796,1439,108,4434,57353,83193.0,67159.0,33931.0,14467.0,2013
0500000US06059,Orange ,3051771,1509674,1542097,192168,199292,208005,221447,222051,422089,435659,447834,184350,151499,199773,114710,52894,36.4,1032879,1327507,45900,6163,555650,9138,143101,75422,2509854.0,1978158.0,752995.0,524745.0,2013
0500000US06061,Placer ,355924,173709,182215,20727,24125,24783,24413,19082,39659,46908,53425,23895,21746,31452,17895,7814,40.4,46425,268514,4147,1805,21953,537,24395,72725,318638.0,278658.0,89225.0,34844.0,2013
0500000US06063,Plumas ,19586,9810,9776,1011,1109,799,1027,903,1826,1903,2855,2128,1690,2686,1217,432,49.9,1591,16628,238,373,149,259,696,45794,15865.0,11840.0,7739.0,3553.0,2013
0500000US06065,Riverside ,2228528,1109691,1118837,161165,167271,177696,183421,162952,291550,294008,295061,120101,103773,149288,89351,32891,33.9,1025543,867859,131246,10085,130179,6124,109746,56529,1759182.0,1254341.0,688467.0,445542.0,2013
0500000US06067,Sacramento ,1435207,702786,732421,100347,98811,99876,101402,104814,211318,190839,199094,88482,73389,89668,52968,24199,35.1,312797,688052,139014,7207,206253,13925,131876,55064,1210208.0,894774.0,460894.0,206300.0,2013
0500000US06069,San Benito ,56115,28051,28064,4046,4287,4587,4531,3731,7161,7518,8332,3393,2768,3294,1773,694,34.5,31930,21025,477,188,1060,0,2689,66237,47051.0,35230.0,16587.0,8840.0,2013
0500000US06071,San Bernardino ,2056915,1023385,1033530,157450,155785,168238,174577,166900,289177,272186,275515,113663,92146,110923,58048,22307,31.9,1026596,667933,170307,7723,129480,6302,92509,54090,1610790.0,1099192.0,639922.0,407029.0,2013
0500000US06073,San Diego ,3138265,1576095,1562170,206703,197944,194827,220033,272269,485980,422098,428123,186943,155399,194276,116433,57237,34.8,1015362,1505595,150348,11081,342729,13343,194720,62962,2524386.0,2014846.0,778619.0,510383.0,2013
0500000US06075,San Francisco ,817501,415283,402218,36613,28914,26728,32786,57049,175419,135200,112498,50295,48869,57055,38053,18022,38.5,124167,341100,45909,1942,270621,3362,57053,75604,723169.0,577162.0,214734.0,89934.0,2013
0500000US06077,San Joaquin ,693177,345105,348072,53864,54156,57015,56784,50669,92151,90687,91790,40044,31354,41278,23108,10277,32.9,272529,245469,46840,2840,97353,3504,48316,53380,567185.0,395715.0,232072.0,116956.0,2013
0500000US06079,San Luis Obispo ,272094,139115,132979,13463,13513,14617,21923,28694,31933,29397,37601,20294,17675,22941,13379,6664,39.5,57503,191906,5558,1050,9179,323,12712,58697,227676.0,190278.0,74636.0,36385.0,2013
0500000US06081,San Mateo ,729543,358960,370583,46175,46215,42139,41178,40545,101417,108875,110510,49044,42939,53317,31265,15924,39.3,184742,305350,18486,998,182829,10374,50978,88202,647044.0,551223.0,170725.0,77713.0,2013
0500000US06083,Santa Barbara ,427288,214542,212746,27818,26451,26430,37253,45946,57100,49965,53897,24818,21432,28194,17957,10027,33.5,184851,202598,7118,2101,20577,745,18067,62779,342794.0,262641.0,124946.0,77128.0,2013
0500000US06085,Santa Clara ,1812208,910196,902012,123460,125576,113788,114002,115177,273779,279970,265822,107597,86505,112625,65462,28445,36.4,485593,628410,43760,4014,585369,5975,114370,91702,1594517.0,1319370.0,417596.0,207996.0,2013
0500000US06087,Santa Cruz ,264808,131850,132958,15122,14997,15329,22319,26383,32694,32872,37404,20055,16629,17495,8911,4598,36.9,85703,156844,2488,733,10839,334,15491,66519,224136.0,179441.0,69648.0,39209.0,2013
0500000US06089,Shasta ,177966,87600,90366,10311,10738,11026,11943,11260,20479,19377,25543,13861,12093,17616,9557,4162,42.1,15419,145932,1636,3790,4303,342,12997,44651,148663.0,100192.0,74187.0,27918.0,2013
0500000US06091,Sierra ,3127,1497,1630,112,155,149,177,63,201,468,464,392,298,419,158,71,51.3,281,2727,18,35,2,14,100,39009,2461.0,1738.0,1181.0,638.0,2013
0500000US06093,Siskiyou ,44503,22219,22284,2383,2712,2394,2717,2166,4331,4487,6329,3747,4089,5296,2696,1156,47.1,4799,35153,564,1178,610,114,4170,37709,37616.0,24602.0,20612.0,6594.0,2013
0500000US06095,Solano ,417258,208246,209012,26576,27467,28075,29452,30080,56416,53659,62708,28122,24931,28337,15429,6006,37.1,102082,168938,57321,1494,59677,3546,47139,67177,349109.0,278000.0,116795.0,51556.0,2013
0500000US06097,Sonoma ,487469,239661,247808,27507,28878,29861,32443,32472,62104,60356,72037,36333,33918,39250,21158,11152,40.2,122818,320511,6875,3641,19101,1540,24980,63356,414703.0,334221.0,139397.0,68017.0,2013
0500000US06099,Stanislaus ,518321,256551,261770,39601,37942,42883,41806,38375,71190,66494,68738,29559,24524,31592,17522,8095,33.0,220267,238928,13305,2633,26349,3423,26060,49297,423034.0,285597.0,182012.0,91838.0,2013
0500000US06101,Sutter ,94787,47083,47704,6958,7762,6563,7115,6638,12626,11921,12499,5227,4981,6822,4229,1446,34.8,27538,47206,1637,807,13396,303,7721,50408,75728.0,50063.0,35284.0,17678.0,2013
0500000US06103,Tehama ,63241,31435,31806,4269,4012,4578,4516,3702,7311,7192,8938,4477,3870,5901,3297,1178,39.9,14226,45080,410,1082,726,58,3303,41924,51927.0,32644.0,28424.0,10562.0,2013
0500000US06105,Trinity ,13638,6968,6670,615,634,794,613,563,1326,1415,2116,1414,1238,1740,780,390,49.8,957,11337,127,254,161,31,1504,36890,10524.0,6080.0,6370.0,2906.0,2013
0500000US06107,Tulare ,446644,224021,222623,41011,39373,39894,38214,33744,62616,55019,52280,22453,18738,24177,13407,5718,29.9,273533,142669,5765,3048,14264,412,13491,42708,347361.0,196986.0,183212.0,94972.0,2013
0500000US06109,Tuolumne ,54728,28793,25935,2283,2784,2492,3228,2913,6110,5635,8194,4776,4649,6535,3743,1386,48.0,5982,44507,1122,728,572,105,3081,48426,45086.0,33199.0,22854.0,6115.0,2013
0500000US06111,Ventura ,829017,411721,417296,54849,57364,59078,62605,58182,106715,109508,122299,52939,44127,55211,31402,14738,36.6,337773,398921,13336,2072,55723,1142,39263,76544,687625.0,551410.0,213572.0,133042.0,2013
0500000US06113,Yolo ,202288,98679,103609,12225,12867,12119,18732,28737,27770,23820,24640,10952,9622,11418,6368,3018,30.7,62047,99870,4534,1098,25654,1029,15572,55918,174273.0,141573.0,49995.0,26428.0,2013
0500000US06115,Yuba ,72574,36942,35632,6210,5952,5486,5213,5556,10839,8652,9292,3909,3909,4388,2333,835,31.9,18692,42013,2173,742,5218,242,6573,44902,58395.0,35086.0,30662.0,11631.0,2013
0500000US06001,Alameda ,1559308,763965,795343,97537,95681,92804,96814,109497,240451,232433,224438,99146,86321,103202,54135,26849,36.9,352500,519375,179984,4688,421451,12502,133229,73775,1364761.0,1084523.0,413231.0,182223.0,2014
0500000US06003,Alpine ,1202,665,537,27,79,60,102,92,120,150,161,113,73,127,85,13,43.6,86,830,11,208,12,14,82,61343,935.0,628.0,443.0,267.0,2014
0500000US06005,Amador ,37159,19966,17193,1284,1763,1667,2034,1678,3294,4243,5970,3287,3476,4987,2476,1000,49.6,4724,29696,781,643,482,80,1504,52964,29479.0,22654.0,14316.0,3539.0,2014
0500000US06007,Butte ,221578,109745,111833,12178,12500,12727,16301,26049,26502,23064,27080,14747,14720,19065,11212,5433,36.9,32968,164509,2996,1649,9298,338,19520,43165,186749.0,128382.0,88760.0,32677.0,2014
0500000US06009,Calaveras ,44921,22257,22664,1847,2338,2389,2743,1981,3548,4276,6928,4123,4285,6539,2811,1113,50.3,4901,37234,280,324,513,131,3076,54936,39604.0,30441.0,17953.0,4877.0,2014
0500000US06011,Colusa ,21424,11156,10268,1731,1774,1593,1687,1395,2727,2660,2770,1275,1133,1452,991,236,34.1,12155,8184,180,274,283,19,658,50503,16869.0,10268.0,8616.0,4351.0,2014
0500000US06013,Contra Costa ,1081232,527174,554058,65548,74534,73803,73189,65052,134277,148692,164788,73239,63686,81499,42245,20680,38.7,267859,503515,93141,3002,159608,4809,95445,79799,955467.0,788386.0,287258.0,120043.0,2014
0500000US06015,Del Norte ,28066,15563,12503,1787,1595,1538,1834,1962,3772,3217,4415,1985,1809,2515,1122,515,39.2,5231,17906,991,1232,594,46,4097,39302,21343.0,12617.0,12229.0,3189.0,2014
0500000US06017,El Dorado ,181465,90744,90721,8634,11200,11736,12172,9885,17349,20927,30246,15692,14058,17746,8319,3501,44.4,22411,143978,1533,1160,6780,191,10748,68507,162690.0,134698.0,54234.0,17702.0,2014
0500000US06019,Fresno ,948844,473427,475417,79613,78352,73801,75832,78538,137867,115496,114615,50041,44125,55379,30364,14821,31.2,485914,300279,45398,4635,90465,1291,39962,45201,764281.0,459151.0,386910.0,173241.0,2014
0500000US06021,Glenn ,28019,14204,13815,2028,1897,2383,2105,1810,3364,3221,3820,1649,1843,2170,1242,487,36.7,10906,15244,217,497,658,77,818,40106,22307.0,14525.0,11026.0,5403.0,2014
0500000US06023,Humboldt ,134876,67533,67343,7417,7600,6950,9437,12586,19260,15626,17125,10723,9076,10968,5661,2447,37.4,13940,102908,1581,6849,3053,422,11967,42153,108553.0,74179.0,51058.0,25205.0,2014
0500000US06025,Imperial ,177026,90736,86290,14348,14483,13411,14252,14544,24461,22110,21958,10197,7441,10648,6690,2483,31.9,144090,22957,4802,1289,2385,92,2707,41772,133939.0,75517.0,68577.0,32873.0,2014
0500000US06027,Inyo ,18439,9268,9171,1103,969,1073,1112,922,2018,1984,2520,1371,1708,1890,1109,660,45.3,3730,11951,192,1937,240,35,636,45625,15613.0,11341.0,7203.0,2454.0,2014
0500000US06029,Kern ,857730,440712,417018,73020,72006,68019,68543,69665,126485,108931,107100,44897,38267,47523,24836,8438,31.0,432370,319419,45563,5496,36612,915,33557,48574,674526.0,426042.0,313730.0,153226.0,2014
0500000US06031,Kings ,151390,84233,67157,12396,12060,10808,10938,13270,25001,21185,19499,7682,5710,7428,3899,1514,31.2,78911,52180,9412,1141,5285,325,7899,47341,108557.0,72750.0,46306.0,22682.0,2014
0500000US06033,Lake ,64209,32299,31910,3597,3621,3581,3979,3460,6721,6916,9211,5370,5592,7148,3497,1516,45.2,11601,46876,1430,1861,762,139,2945,35997,51614.0,30065.0,30466.0,11930.0,2014
0500000US06035,Lassen ,33356,22357,10999,1282,1146,1584,1768,3312,6577,5002,5019,2201,1837,2097,1120,411,37.3,6040,22024,2852,960,485,218,1451,53351,20251.0,14852.0,8421.0,2541.0,2014
0500000US06037,Los Angeles ,9974203,4913688,5060515,644638,629141,651107,714751,776820,1522133,1419395,1379750,596246,490329,628108,356889,164896,35.3,4800491,2711665,802132,18207,1377333,23921,456101,55870,7838038.0,5362287.0,3081399.0,2064765.0,2014
0500000US06039,Madera ,152452,73450,79002,11788,12307,11580,11621,11265,20936,19249,18725,8872,7684,10728,5721,1976,33.3,84009,56174,4927,1661,3008,212,4616,45490,116837.0,65954.0,65062.0,27479.0,2014
0500000US06041,Marin ,256802,125838,130964,13253,15543,15401,13543,10472,24399,35307,41766,20626,19854,26647,13531,6460,45.1,40414,185603,6459,412,14464,537,16575,91529,230200.0,196830.0,69238.0,20866.0,2014
0500000US06043,Mariposa ,17946,9050,8896,697,876,905,974,854,1780,1630,2806,1719,1498,2540,1369,298,50.2,1729,14790,155,451,232,74,1030,50560,15981.0,12043.0,7309.0,1809.0,2014
0500000US06045,Mendocino ,87612,43979,43633,5153,5454,5231,5516,5142,10030,10255,11520,6979,7214,8976,4249,1893,42.0,20332,58871,631,3093,1560,184,5550,43290,72506.0,42337.0,40828.0,14198.0,2014
0500000US06047,Merced ,261609,131899,129710,21710,21718,22923,23477,21489,36376,32374,31238,13972,10217,14680,8314,3121,30.2,147270,79818,8676,922,19477,519,9239,43066,212919.0,124933.0,108468.0,45708.0,2014
0500000US06049,Modoc ,9335,4727,4608,474,443,664,577,402,912,893,1419,786,788,1173,562,242,47.1,1345,7301,108,220,38,0,646,38560,7501.0,4578.0,4397.0,1528.0,2014
0500000US06051,Mono ,14193,7520,6673,842,731,841,932,1167,2023,1868,2148,1136,903,1082,350,170,37.2,3843,9519,47,348,116,132,376,61814,10900.0,8603.0,3635.0,3212.0,2014
0500000US06053,Monterey ,424927,218060,206867,33266,31755,29842,31010,33220,63580,55598,53115,23613,22033,25851,14643,7401,33.3,239901,135763,10907,1251,25653,2049,18361,58582,321433.0,226408.0,133366.0,85128.0,2014
0500000US06055,Napa ,139253,69301,69952,7885,8113,9491,9196,9028,17078,17750,19690,9568,9183,11953,6642,3676,40.3,45937,76531,2853,344,10201,346,5860,70925,118192.0,98149.0,38617.0,19102.0,2014
0500000US06057,Nevada ,98606,48812,49794,4185,4960,5334,5741,4775,9469,10324,14384,8909,9424,12232,5942,2927,48.8,8751,84772,344,948,1446,151,4318,56949,83538.0,65734.0,36011.0,14156.0,2014
0500000US06059,Orange ,3086331,1525071,1561260,191910,198002,208157,218356,226171,428055,433257,452475,190763,157023,210057,117928,54177,36.7,1050771,1323581,47072,6264,569625,8735,155383,75998,2576285.0,1994162.0,802775.0,492871.0,2014
0500000US06061,Placer ,361518,176490,185028,20431,24609,24599,24389,19691,40274,47085,53520,24356,22559,33279,18936,7790,40.7,47800,270962,4504,1681,22855,574,25797,73747,324022.0,281866.0,94256.0,34833.0,2014
0500000US06063,Plumas ,19286,9754,9532,918,1094,731,1058,842,1815,1859,2780,2017,1705,2767,1244,456,50.6,1594,16295,135,454,198,160,900,48032,16220.0,11609.0,8294.0,2898.0,2014
0500000US06065,Riverside ,2266899,1127924,1138975,160031,169757,176189,181936,168163,299594,295809,299273,124792,108667,156869,90943,34876,34.2,1055027,868743,133798,10236,134734,6160,112591,56592,1812992.0,1262007.0,735197.0,430893.0,2014
0500000US06067,Sacramento ,1450277,709679,740598,99593,99134,100539,99410,105828,215070,191102,198792,90595,76538,94982,54114,24580,35.3,319934,686482,140377,6878,211277,13978,138291,55615,1235852.0,901267.0,482787.0,196622.0,2014
0500000US06069,San Benito ,56888,28428,28460,3998,4300,4671,4463,3820,7307,7470,8433,3506,2968,3425,1742,785,34.8,32657,21125,483,246,1108,71,2373,67874,48306.0,36586.0,16477.0,8395.0,2014
0500000US06071,San Bernardino ,2078586,1033761,1044825,156422,157395,165725,171239,170833,295188,272621,275825,118881,94695,117108,59512,23142,32.2,1050173,660447,170307,7479,133270,6465,96089,54100,1649142.0,1103156.0,673836.0,388674.0,2014
0500000US06073,San Diego ,3183143,1598266,1584877,209009,198586,195503,217680,274231,499034,424750,428521,190516,163134,205617,118194,58368,34.9,1039752,1510851,150600,11620,351811,13400,205539,63996,2594143.0,2048930.0,819220.0,488789.0,2014
0500000US06075,San Francisco ,829072,421516,407556,37434,29906,26894,32691,54810,180924,135652,113614,50260,50814,59435,37946,18692,38.6,126524,343368,45653,1680,276094,3409,60579,78378,742017.0,586763.0,224886.0,82498.0,2014
0500000US06077,San Joaquin ,701050,348616,352434,53328,53879,57730,55993,51821,93615,91079,92113,41426,32379,43728,23455,10504,33.2,278523,244319,47251,2585,100212,3757,47958,53253,580758.0,395164.0,247844.0,111486.0,2014
0500000US06079,San Luis Obispo ,274184,139946,134238,13406,13778,14487,21744,29440,32213,29519,36178,20699,17974,24429,13937,6380,39.5,58889,192262,5372,1021,9902,85,12942,59454,230098.0,189855.0,77522.0,36665.0,2014
0500000US06081,San Mateo ,739837,363891,375946,46186,46624,42851,40959,41233,103253,109502,110932,50313,44078,56029,31737,16140,39.4,187635,304779,18352,994,189837,10176,53386,91421,660604.0,557602.0,179429.0,74939.0,2014
0500000US06083,Santa Barbara ,431555,216370,215185,27870,26752,26627,36849,47494,57359,50001,53426,25748,21650,29457,18027,10295,33.6,188743,201923,6934,2041,20899,657,20133,63409,350890.0,267309.0,129285.0,73675.0,2014
0500000US06085,Santa Clara ,1841569,924848,916721,123124,125561,116971,113846,117267,277823,281840,268961,111282,90179,118011,67322,29382,36.6,492546,627346,44910,3766,606174,6185,117689,93854,1639475.0,1342936.0,441150.0,192980.0,2014
0500000US06087,Santa Cruz ,267203,132817,134386,15111,14981,15312,22433,27090,32786,32633,36754,20105,17386,19013,8783,4816,36.9,87406,156915,2269,879,11036,369,16315,66923,228969.0,179644.0,74319.0,36868.0,2014
0500000US06089,Shasta ,178520,87692,90828,10330,10919,10749,11571,11252,21027,19239,24893,13392,12762,18400,9718,4268,41.9,15908,145485,1692,3650,4397,317,13926,44556,150401.0,98997.0,77477.0,26728.0,2014
0500000US06091,Sierra ,3019,1481,1538,102,116,186,148,56,197,327,485,372,333,442,175,80,53.5,283,2636,4,21,3,16,112,43107,2418.0,1780.0,1148.0,572.0,2014
0500000US06093,Siskiyou ,44261,22021,22240,2367,2717,2372,2597,2244,4319,4460,5984,3790,4048,5548,2611,1204,47.3,4923,34749,565,1207,627,134,4106,37495,37780.0,23700.0,21602.0,6255.0,2014
0500000US06095,Solano ,421624,209901,211723,26351,27725,27727,28860,30762,57941,53224,62064,28363,26296,30229,15807,6275,37.2,104865,169041,57919,1389,61667,3562,45236,67341,357135.0,281969.0,122789.0,49136.0,2014
0500000US06097,Sonoma ,491790,241329,250461,27207,29549,29174,31804,32566,63163,60435,71119,36703,34935,42459,21137,11539,40.5,125674,320735,6594,3213,19295,1555,28210,63799,422564.0,335353.0,148074.0,64770.0,2014
0500000US06099,Stanislaus ,522794,258618,264176,39237,39122,41854,41196,38717,72172,66518,68740,30508,25270,33285,17907,8268,33.3,225013,237248,13055,2541,26684,3539,28320,49573,433847.0,285615.0,193503.0,85537.0,2014
0500000US06101,Sutter ,95067,47263,47804,6813,8127,6220,6993,6647,12731,11732,12450,5304,5050,7054,4408,1538,35.0,27931,46558,1744,793,13848,303,7616,51527,77529.0,50549.0,37024.0,16262.0,2014
0500000US06103,Tehama ,63284,31494,31790,4168,4319,4304,4349,3629,7432,7066,8899,4419,4016,6159,3332,1192,40.0,14539,44728,286,1093,798,70,3519,42369,53306.0,33404.0,28832.0,9342.0,2014
0500000US06105,Trinity ,13515,6885,6630,642,577,733,642,544,1323,1430,1973,1357,1309,1789,856,340,50.0,960,11235,110,374,152,74,1206,36862,10568.0,6144.0,6242.0,2736.0,2014
0500000US06107,Tulare ,451108,225881,225227,40923,40040,39895,37658,34546,63110,55524,52442,22825,19412,25271,13660,5802,30.1,279022,141322,5997,3241,14268,462,13240,42863,357302.0,194823.0,194915.0,89475.0,2014
0500000US06109,Tuolumne ,54347,28423,25924,2235,2841,2360,2919,2954,6289,5614,7755,4714,4743,6760,3718,1445,48.2,6048,44017,998,769,725,71,3055,48493,44745.0,32166.0,22924.0,6241.0,2014
0500000US06111,Ventura ,835790,414278,421512,54606,57076,58913,61536,59393,107785,108699,121993,54923,45267,58421,31438,15740,36.9,344520,397118,13499,2194,57102,1137,39758,77335,702617.0,556384.0,225520.0,125793.0,2014
0500000US06113,Yolo ,204162,99528,104634,12142,13182,11899,18516,29183,27960,23753,24685,11074,10046,12043,6468,3211,31.0,63249,99540,4605,963,26535,1023,16062,55508,178534.0,143547.0,52740.0,24075.0,2014
0500000US06115,Yuba ,73059,37020,36039,6137,5888,5555,5159,5654,10927,8712,9173,4216,3693,4644,2431,870,32.1,19181,41919,2261,762,5109,251,6837,45470,59163.0,35117.0,31344.0,11417.0,2014
0500000US06001,Alameda ,1584983,776699,808284,97613,96730,93457,95695,109299,248460,235732,225498,102779,87787,109230,55185,27518,37.1,358168,522707,179400,4851,436207,13243,136636,75619,1414617.0,1112221.0,438949.0,158734.0,2015
0500000US06003,Alpine ,1131,654,477,39,78,54,110,86,107,116,130,106,81,127,87,10,43.6,108,725,11,219,14,16,76,52917,912.0,601.0,455.0,219.0,2015
0500000US06005,Amador ,36995,20012,16983,1298,1651,1637,1992,1741,3415,4171,5723,3174,3536,5193,2451,1013,50.0,4784,29496,822,666,510,35,1361,54171,30189.0,22901.0,14703.0,2691.0,2015
0500000US06007,Butte ,222564,110115,112449,12155,12722,12541,15875,26177,27027,23241,26379,15065,14563,20126,11289,5404,36.8,33800,164214,3017,1525,9477,361,20192,43444,191049.0,128917.0,93125.0,29264.0,2015
0500000US06009,Calaveras ,44767,22143,22624,1803,2454,2156,2658,2047,3606,4254,6494,4190,4238,6784,3013,1070,50.7,4967,36951,259,396,390,151,3306,53233,39884.0,29579.0,19275.0,4498.0,2015
0500000US06011,Colusa ,21396,11129,10267,1680,1760,1630,1555,1475,2830,2566,2658,1337,1174,1525,988,218,34.0,12277,8017,131,216,419,39,594,52168,17430.0,10360.0,8965.0,3775.0,2015
0500000US06013,Contra Costa ,1096068,534618,561450,65183,74463,74635,72910,66834,136711,149270,165058,75305,64868,86311,43171,21349,38.8,273350,503815,94046,3071,165336,5200,98840,80185,984128.0,798694.0,309631.0,106428.0,2015
0500000US06015,Del Norte ,27788,15418,12370,1690,1574,1608,1588,1756,4048,3369,4239,2081,1715,2448,1106,566,38.8,5300,17582,787,1339,594,79,4187,40847,21249.0,12109.0,12478.0,2772.0,2015
0500000US06017,El Dorado ,182093,90970,91123,8377,10964,11692,12034,10130,17508,20580,29398,15800,14563,18810,8752,3485,44.9,22719,143804,1564,1041,7068,234,11224,69584,164967.0,135358.0,56995.0,16038.0,2015
0500000US06019,Fresno ,956749,477316,479433,79445,79617,73307,74241,78554,140474,116366,114290,51990,44350,58301,30702,15112,31.4,494077,298219,45409,4608,91670,1341,41032,45233,790026.0,467469.0,407855.0,155327.0,2015
0500000US06021,Glenn ,28029,14168,13861,2004,1928,2296,2122,1803,3383,3220,3740,1696,1850,2214,1257,516,37.2,11094,15065,241,485,695,71,756,39349,22748.0,14624.0,11418.0,4984.0,2015
0500000US06023,Humboldt ,135034,67533,67501,7365,7716,6883,9288,13197,18741,15856,16406,10372,9316,11728,5716,2450,37.4,14289,102235,1537,6279,3558,424,13117,42197,111608.0,73864.0,55478.0,22354.0,2015
0500000US06025,Imperial ,178206,91167,87039,14659,14104,13663,13902,14627,24762,22068,21737,9929,8039,11271,6764,2681,32.2,145855,22437,4530,1242,2422,111,3109,41079,138030.0,75636.0,72732.0,29742.0,2015
0500000US06027,Inyo ,18373,9214,9159,1075,921,1124,1078,939,1991,1950,2434,1448,1564,2074,1130,645,45.7,3778,11906,192,1865,244,118,540,45955,15900.0,11812.0,7146.0,2034.0,2015
0500000US06029,Kern ,865736,444547,421189,72598,72692,68819,67493,70697,128920,109119,106329,46479,39239,49472,25183,8696,31.1,441496,317048,46058,4846,38202,1000,33177,49026,703042.0,433132.0,335389.0,133703.0,2015
0500000US06031,Kings ,150998,83958,67040,12173,11947,10935,10789,13032,25080,20977,19240,7764,5843,7650,3986,1582,31.4,79452,51467,8883,1101,5360,350,8441,46481,110855.0,72936.0,49075.0,19641.0,2015
0500000US06033,Lake ,64158,32146,32012,3636,3485,3612,3829,3476,6795,6696,8991,5445,5510,7579,3681,1423,45.5,11899,46554,1357,1922,815,169,2736,35578,52877.0,30213.0,32110.0,10593.0,2015
0500000US06035,Lassen ,32645,21818,10827,1419,1145,1436,1629,3156,6625,4806,4660,2195,1838,2171,1136,429,37.0,5986,21526,2758,928,468,232,1477,51555,19720.0,14623.0,8474.0,2251.0,2015
0500000US06037,Los Angeles ,10038388,4945351,5093037,641635,623847,643445,698645,777642,1546236,1414607,1384892,611256,506424,657175,363318,169266,35.6,4842319,2703547,801739,18726,1401289,24657,465044,56196,8134459.0,5479225.0,3276323.0,1834501.0,2015
0500000US06039,Madera ,153187,73863,79324,11735,12070,11889,11383,11371,20982,19272,18646,8736,7998,11278,5762,2065,33.5,85245,55593,4941,1615,3027,212,4802,45073,119562.0,66217.0,67887.0,25115.0,2015
0500000US06041,Marin ,258349,126460,131889,13076,15016,16272,13891,10934,23917,34489,41746,20191,20262,28063,13897,6595,45.4,40875,185975,6181,455,14532,428,18192,93257,234162.0,198355.0,73154.0,18961.0,2015
0500000US06043,Mariposa ,17789,8931,8858,744,743,910,965,740,1811,1631,2708,1551,1683,2620,1403,280,50.6,1803,14539,192,417,231,25,1164,47681,16016.0,12077.0,7269.0,1600.0,2015
0500000US06045,Mendocino ,87544,43827,43717,5068,5605,5079,5393,5102,9958,10197,11268,6742,7256,9690,4153,2033,42.2,20693,58376,538,2977,1669,194,5885,42980,73966.0,42704.0,42624.0,12656.0,2015
0500000US06047,Merced ,263885,133152,130733,21563,22066,22757,23233,21861,36833,32484,31240,14074,10825,15341,8448,3160,30.4,150222,78992,8353,646,19443,505,10848,42462,219371.0,125243.0,115711.0,41521.0,2015
0500000US06049,Modoc ,9184,4664,4520,404,463,655,583,345,870,853,1433,594,916,1217,613,238,47.8,1345,7149,47,320,86,3,468,37860,7559.0,4541.0,4494.0,1381.0,2015
0500000US06051,Mono ,14146,7311,6835,739,868,897,599,1353,1976,1672,2206,1040,915,1338,317,226,38.5,3862,9405,59,233,155,2,860,56944,10730.0,7972.0,4185.0,3342.0,2015
0500000US06053,Monterey ,428441,219299,209142,33348,32186,30218,30604,33276,63790,56012,52816,24508,22004,27349,14490,7840,33.5,243894,135021,10981,1232,25223,1962,19776,58783,333477.0,228076.0,144115.0,76527.0,2015
0500000US06055,Napa ,140295,69798,70497,7883,8098,9513,9213,9020,17288,17846,19569,9815,8967,12634,6607,3842,40.3,46689,76016,2844,270,10611,271,6723,71379,122172.0,99419.0,42112.0,16222.0,2015
0500000US06057,Nevada ,98570,48668,49902,4290,4831,5170,5674,4688,9661,10212,13695,8710,9629,12962,6269,2779,49.0,8902,84497,462,924,1408,71,4505,56521,84944.0,65133.0,38121.0,12674.0,2015
0500000US06059,Orange ,3116069,1539600,1576469,191100,197619,206591,215277,227699,435177,430132,455401,198602,160814,220851,121529,55277,37.1,1064499,1320050,48196,6368,586050,8945,158795,76509,2653605.0,2014354.0,865258.0,445189.0,2015
0500000US06061,Placer ,366280,178729,187551,20315,24516,24685,24404,20204,40776,47156,53228,24720,23272,35298,19588,8118,41.0,49158,272814,4978,1358,23980,497,26529,73948,330979.0,284396.0,100183.0,32493.0,2015
0500000US06063,Plumas ,18966,9608,9358,910,990,749,970,877,1701,1885,2610,1824,1836,2860,1264,490,51.3,1574,15993,124,342,178,167,1176,47333,16469.0,11723.0,8368.0,2333.0,2015
0500000US06065,Riverside ,2298032,1143477,1154555,158382,170678,175635,180241,171097,307255,297089,301453,129067,112922,164711,94194,35308,34.5,1079778,867646,136414,10216,138736,5971,115066,56603,1891569.0,1281751.0,796866.0,383957.0,2015
0500000US06067,Sacramento ,1465832,717117,748715,99037,100310,100285,97547,105779,219626,191843,198226,93867,78025,100989,55001,25297,35.5,326742,686399,140253,6469,216772,14645,144105,55987,1273846.0,916157.0,510683.0,176039.0,2015
0500000US06069,San Benito ,57557,28773,28784,3999,4103,4826,4481,3970,7385,7514,8304,3622,3090,3714,1701,848,35.0,33307,21092,406,195,1441,54,2056,71077,49956.0,37005.0,17911.0,7439.0,2015
0500000US06071,San Bernardino ,2094769,1042053,1052716,155215,158353,163462,167591,172993,300914,272320,274668,121329,98996,123944,60788,24196,32.5,1070262,652920,169547,7616,136830,6611,98111,53433,1712581.0,1115713.0,731057.0,337526.0,2015
0500000US06073,San Diego ,3223096,1618945,1604151,210874,200489,194000,215043,274256,512116,427056,428074,194186,169328,217961,120847,58866,35.1,1060995,1515316,153024,11698,362467,13484,206609,64309,2682030.0,2080228.0,886388.0,441525.0,2015
0500000US06075,San Francisco ,840763,427909,412854,38123,30488,27427,31036,53917,187527,136300,114629,51611,50528,62062,38225,18890,38.5,128619,346732,44879,1520,281896,3370,63553,81294,765091.0,602198.0,232598.0,71076.0,2015
0500000US06077,San Joaquin ,708554,352400,356154,52620,54565,57687,55549,52431,95271,91392,92377,41786,34164,46093,23637,10982,33.5,284168,243086,47598,2295,102426,3520,49943,53274,602026.0,400330.0,263958.0,97866.0,2015
0500000US06079,San Luis Obispo ,276517,140953,135564,13699,14130,14070,22035,29954,32242,29558,35028,20420,18757,26050,14039,6535,39.3,60181,192918,5324,1075,9851,284,13484,60691,237451.0,193940.0,81716.0,32129.0,2015
0500000US06081,San Mateo ,748731,368416,380315,45959,46981,43245,40684,41641,105291,110075,111143,51314,45034,58669,32640,16055,39.5,189389,305166,18471,875,195976,10245,54559,93623,679533.0,565914.0,192317.0,65315.0,2015
0500000US06083,Santa Barbara ,435850,218483,217367,28241,26208,27479,37072,48833,57468,49938,52773,26566,21716,30849,18474,10233,33.6,192304,201998,7421,1791,21535,630,19944,63985,361176.0,271058.0,136945.0,67598.0,2015
0500000US06085,Santa Clara ,1868149,939004,929145,122397,126094,118268,113689,119072,282785,283308,271427,115664,92582,123435,69222,30206,36.8,497074,627328,44980,3507,626036,6226,122519,96310,1689578.0,1376784.0,460314.0,169592.0,2015
0500000US06087,Santa Cruz ,269278,133714,135564,14963,15024,15292,22500,27597,32997,32393,36145,19893,17957,20623,9136,4758,37.0,88602,157042,2335,629,11370,300,17571,67256,236212.0,183136.0,80098.0,31793.0,2015
0500000US06089,Shasta ,178942,87851,91091,10381,11315,10255,11184,11411,21276,18967,24324,13481,12853,19339,9741,4415,42.2,16384,145248,1752,4011,4672,380,12916,44620,153321.0,100112.0,79489.0,24246.0,2015
0500000US06091,Sierra ,3021,1505,1516,94,153,156,133,50,209,347,414,445,283,470,187,80,54.5,268,2658,3,26,1,14,102,42833,2625.0,1760.0,1467.0,366.0,2015
0500000US06093,Siskiyou ,43895,21825,22070,2289,2684,2377,2479,2231,4327,4287,5815,3788,3968,5832,2592,1226,47.8,5044,34244,614,1196,689,132,3932,37170,38301.0,23333.0,22226.0,5401.0,2015
0500000US06095,Solano ,425753,211881,213872,26324,27735,27727,28142,31054,59524,53038,61069,29032,27070,32407,15999,6632,37.3,107592,169259,57650,1275,62369,3414,47268,66828,368887.0,285522.0,133766.0,43806.0,2015
0500000US06097,Sonoma ,495078,242817,252261,26804,29682,28851,31355,32227,63961,60603,70032,36804,35743,45968,21657,11391,40.8,127774,320545,6762,2671,18839,1398,32496,64240,433969.0,339738.0,157362.0,56889.0,2015
0500000US06099,Stanislaus ,527367,261045,266322,39139,39762,41472,40540,38883,73399,66814,68281,30989,26042,35167,18522,8357,33.5,230087,235880,12904,2593,27680,3704,28110,50125,449182.0,286817.0,208557.0,74856.0,2015
0500000US06101,Sutter ,95247,47349,47898,6562,8066,6328,6803,6676,12685,11760,12349,5583,5050,7298,4387,1700,35.4,28261,46108,1841,663,13948,286,8150,52017,79796.0,51292.0,38968.0,14242.0,2015
0500000US06103,Tehama ,63152,31489,31663,4018,4351,4206,4182,3635,7400,7158,8705,4499,4060,6307,3313,1318,40.5,14813,44291,291,1112,802,126,3425,41001,54328.0,33263.0,29896.0,8257.0,2015
0500000US06105,Trinity ,13373,6878,6495,632,575,646,735,465,1209,1463,1919,1189,1425,1841,867,407,50.3,955,11096,151,456,159,109,880,34974,10734.0,5896.0,6518.0,2426.0,2015
0500000US06107,Tulare ,454033,227426,226607,40324,41459,38981,37324,34981,63617,55868,52366,22787,20214,26396,13631,6085,30.3,283533,139581,6021,3069,14542,551,13184,42031,370311.0,193784.0,208435.0,79436.0,2015
0500000US06109,Tuolumne ,54079,28218,25861,2252,2804,2354,2897,2901,6266,5478,7389,4472,4975,7101,3583,1607,48.6,6139,43995,970,795,737,78,2687,50306,45664.0,32547.0,23495.0,5176.0,2015
0500000US06111,Ventura ,840833,416484,424349,54208,55507,59680,60394,60277,108905,107917,121007,57202,45652,61864,32264,15956,37.1,349799,395199,13462,2268,58242,1212,40554,77348,719302.0,557424.0,242866.0,114755.0,2015
0500000US06113,Yolo ,207320,100937,106383,12153,12799,12471,19149,30055,28067,23898,24504,11336,10131,12801,6585,3371,30.9,64526,100100,4708,947,27987,938,15834,54989,183329.0,145068.0,56793.0,22427.0,2015
0500000US06115,Yuba ,73437,37300,36137,6065,6047,5340,5189,5644,11157,8740,8932,4811,3355,4889,2426,842,32.1,19611,41676,2377,740,5214,214,6851,46892,60967.0,37035.0,31922.0,10144.0,2015
0500000US06001,Alameda ,1605217,786730,818487,97572,97295,94149,95047,107875,256823,237847,225126,104823,88961,115361,56825,27513,37.2,362070,523797,176819,4959,449676,13223,144822,79831,1460959.0,1143354.0,459358.0,133234.0,2016
0500000US06003,Alpine ,1184,692,492,51,58,75,129,81,106,132,129,95,82,150,83,13,42.8,92,804,10,224,9,0,90,62375,1009.0,655.0,484.0,175.0,2016
0500000US06005,Amador ,36963,19839,17124,1392,1616,1620,1944,1645,3476,3991,5587,3069,3481,5627,2406,1109,50.3,4822,29436,860,458,521,72,1584,57032,30689.0,22454.0,15581.0,2323.0,2016
0500000US06007,Butte ,223877,110926,112951,12220,13202,12142,15752,26166,27381,23191,25984,15264,14430,21215,11445,5485,36.9,34503,164398,3279,1553,9497,380,20194,44366,197738.0,132465.0,96959.0,23714.0,2016
0500000US06009,Calaveras ,44787,22156,22631,1827,2551,1973,2590,1993,3779,4043,6346,4276,4164,7064,3093,1088,51.2,5028,36857,256,400,448,155,3253,53502,40735.0,29287.0,20450.0,3667.0,2016
0500000US06011,Colusa ,21361,11097,10264,1574,1660,1740,1528,1467,2794,2504,2723,1400,1191,1669,902,209,34.7,12351,7881,212,191,346,20,669,54946,17878.0,10470.0,9486.0,3296.0,2016
0500000US06013,Contra Costa ,1107925,540671,567254,65295,74595,74705,72546,67904,138690,149266,164966,76597,65998,90980,44847,21536,39.1,277676,504792,93809,2823,169695,5177,104421,82881,1008837.0,811996.0,326148.0,93620.0,2016
0500000US06015,Del Norte ,27628,15168,12460,1631,1594,1604,1644,1761,4082,3336,3886,2039,1829,2523,1135,564,38.1,5326,17427,632,1671,650,31,3741,42363,21543.0,12593.0,12348.0,2605.0,2016
0500000US06017,El Dorado ,183000,91349,91651,8525,10814,11421,11792,10148,17832,20429,28382,16487,14459,19918,9164,3629,45.2,22868,144069,1576,1203,7542,331,10587,72586,167988.0,136195.0,60890.0,13912.0,2016
0500000US06019,Fresno ,963160,480527,482633,79212,79297,74717,73242,77556,142862,117078,113308,53070,44893,61323,31101,15501,31.6,501136,296265,45506,4357,93878,1255,39936,45963,816964.0,475270.0,430274.0,134940.0,2016
0500000US06021,Glenn ,27976,14216,13760,2048,1984,2232,1988,1869,3367,3320,3541,1770,1784,2282,1268,523,36.9,11255,14845,195,468,685,103,850,41699,23650.0,14279.0,12473.0,4015.0,2016
0500000US06023,Humboldt ,135182,67449,67733,7365,7728,6912,9133,13141,18527,16277,15844,10202,9300,12552,5708,2493,37.6,14530,101904,1374,6145,3692,331,14149,42685,114883.0,74140.0,59457.0,19266.0,2016
0500000US06025,Imperial ,178807,91324,87483,14924,14636,13238,13803,14527,25057,21775,21395,9810,8331,11712,6737,2862,32.2,147880,21334,4195,1151,2227,129,3672,42560,143703.0,76585.0,78365.0,24991.0,2016
0500000US06027,Inyo ,18326,9235,9091,1067,910,1114,1043,959,2031,1962,2308,1363,1616,2156,1132,665,45.4,3867,11733,179,1969,222,34,635,47278,16035.0,11802.0,7296.0,1844.0,2016
0500000US06029,Kern ,871337,447079,424258,72235,73398,69668,66785,70447,131056,109173,104829,47145,40559,51464,25089,9489,31.2,449747,313983,45298,4464,38843,997,35155,49788,729975.0,441445.0,355141.0,112428.0,2016
0500000US06031,Kings ,150261,83207,67054,11954,11893,10975,10600,13016,25007,20647,18791,7783,5964,7892,4154,1585,31.4,79862,50536,8917,1163,5422,336,7722,47241,114331.0,72374.0,53029.0,16702.0,2016
0500000US06033,Lake ,64076,31982,32094,3603,3495,3591,3755,3410,6978,6453,8744,5610,5315,7916,3766,1440,45.8,12086,46301,1329,1898,839,68,3019,36132,54114.0,29165.0,34579.0,9286.0,2016
0500000US06035,Lassen ,31945,21191,10754,1441,1306,1597,1618,3165,6214,4476,4308,2010,1888,2359,1076,487,36.4,5880,21101,2808,800,533,236,1136,51457,20344.0,14763.0,9151.0,1809.0,2016
0500000US06037,Los Angeles ,10057155,4954616,5102539,636122,623651,633141,682708,769454,1564349,1401310,1380576,620293,518349,684208,371171,171823,35.8,4861648,2687787,801182,18765,1413105,24439,471107,57952,8403192.0,5572702.0,3468111.0,1585437.0,2016
0500000US06039,Madera ,153366,74035,79331,11668,12471,11631,11233,11191,21230,19138,18219,8773,8101,11807,5860,2044,33.5,86265,54887,4679,1450,2906,132,5773,45742,124752.0,68490.0,72056.0,20801.0,2016
0500000US06041,Marin ,259358,126745,132613,12685,15243,16336,14058,11319,23534,33642,41698,20212,20155,29384,14389,6703,45.7,40943,186361,5849,476,14525,381,19837,100310,238315.0,200111.0,75388.0,16231.0,2016
0500000US06043,Mariposa ,17645,8881,8764,731,770,804,978,822,1748,1640,2531,1547,1693,2676,1423,282,50.6,1789,14381,226,379,224,27,1238,49265,16208.0,11914.0,8063.0,1267.0,2016
0500000US06045,Mendocino ,87409,43634,43775,5164,5635,4973,5286,4691,10190,10168,11000,6336,7424,10302,4159,2081,42.3,20955,58018,499,2792,1521,185,6610,43510,75699.0,42465.0,44586.0,10931.0,2016
0500000US06047,Merced ,265001,133782,131219,21476,22462,22477,23013,21565,37261,32529,30982,14082,11418,15970,8501,3265,30.6,152475,78119,8221,807,19377,500,10481,44397,227897.0,127380.0,122360.0,34099.0,2016
0500000US06049,Modoc ,9033,4637,4396,382,531,568,524,345,946,943,1196,603,907,1246,641,201,47.1,1335,7014,82,367,110,8,229,41194,7525.0,4486.0,4391.0,1261.0,2016
0500000US06051,Mono ,14051,7551,6500,617,837,978,643,1689,1661,1608,2107,1219,836,1216,459,181,38.9,3865,9254,74,317,167,0,748,58937,11181.0,8216.0,4433.0,2783.0,2016
0500000US06053,Monterey ,430201,219883,210318,33073,32271,31021,30363,32977,63667,55842,52441,24736,22257,28912,14659,7982,33.7,247084,133626,10653,1085,24480,1983,21918,60889,346780.0,232209.0,153808.0,66570.0,2016
0500000US06055,Napa ,140823,70010,70813,7686,8090,9518,9066,9220,17201,17862,19326,9916,8989,13322,6807,3820,40.7,47164,75647,2849,426,10735,250,7033,74609,126190.0,101133.0,44605.0,12709.0,2016
0500000US06057,Nevada ,98639,48833,49806,4243,4642,5286,5545,4596,9587,10342,13080,8533,9692,13852,6198,3043,49.5,9019,84469,472,876,1246,57,4900,57429,86756.0,65169.0,40052.0,10911.0,2016
0500000US06059,Orange ,3132211,1546687,1585524,189534,195681,207155,213027,226342,440004,423886,455268,202646,165967,231194,124554,56953,37.3,1070553,1314672,47971,6475,596998,8847,167487,78145,2730728.0,2045413.0,919070.0,384240.0,2016
0500000US06061,Placer ,370571,180790,189781,20139,23948,25316,24324,20246,40974,47307,53166,25819,23153,37347,20143,8689,41.5,49904,275220,5162,1252,24485,529,27703,76926,339479.0,289002.0,106331.0,28326.0,2016
0500000US06063,Plumas ,18754,9484,9270,876,942,750,925,762,1793,1900,2428,1745,1960,2952,1226,495,51.7,1578,15697,26,352,171,190,1389,50125,16689.0,11850.0,8592.0,1908.0,2016
0500000US06065,Riverside ,2323892,1156126,1167766,157562,171118,175355,179233,171728,313835,297470,302022,133322,115755,172853,95996,37643,34.8,1102968,865631,137779,9407,139108,6262,121725,57972,1963426.0,1302330.0,857100.0,338467.0,2016
0500000US06067,Sacramento ,1479300,722955,756345,99086,100822,100508,96125,104115,223954,192628,197063,94146,81589,107463,55771,26030,35.7,332967,685952,141420,6047,220310,15090,149347,57509,1312350.0,930862.0,540017.0,151656.0,2016
0500000US06069,San Benito ,58051,29062,28989,3919,4297,4642,4491,4041,7582,7503,8206,3703,3148,3868,1807,844,35.1,33864,20984,416,176,1447,89,2072,73814,51298.0,36979.0,19328.0,6594.0,2016
0500000US06071,San Bernardino ,2106754,1047925,1058829,154388,160173,160700,164728,172986,306145,271401,272099,123313,102616,130766,62068,25371,32.7,1089104,642786,170376,6840,138751,6368,100641,54469,1768872.0,1123962.0,787120.0,290269.0,2016
0500000US06073,San Diego ,3253356,1635137,1618219,211794,200294,194958,212903,271647,522891,428775,425423,198255,172981,230617,122780,60038,35.3,1076319,1519704,154251,11833,369052,14043,210765,66529,2768312.0,2112298.0,951030.0,385939.0,2016
0500000US06075,San Francisco ,850282,433226,417056,38715,31467,27714,30824,52567,192694,136563,115444,51607,50392,64739,37638,19918,38.4,129898,350088,43758,1427,285040,2922,70081,87701,787164.0,619665.0,239641.0,58719.0,2016
0500000US06077,San Joaquin ,714860,355719,359141,52509,55602,57139,55154,52344,96811,91909,91952,41774,35750,48717,24348,10851,33.7,289329,242025,47799,1917,103998,3697,51284,55045,623883.0,408807.0,280396.0,82648.0,2016
0500000US06079,San Luis Obispo ,278680,141572,137108,13611,14188,14208,22264,30064,32178,29596,34238,20055,19354,27906,14403,6615,39.0,61095,194201,5188,1004,10070,256,13626,64014,244561.0,199143.0,84383.0,27491.0,2016
0500000US06081,San Mateo ,754748,371545,383203,45703,47053,43819,40528,42143,107204,109953,110482,51795,45549,61033,33231,16255,39.5,189305,305123,17479,845,201128,10395,58185,98546,696732.0,576493.0,200489.0,54146.0,2016
0500000US06083,Santa Barbara ,439395,220159,219236,28474,26922,27140,37415,49081,58016,49928,51922,26140,22840,32362,18985,10170,33.7,195021,201836,7622,1400,22305,573,20917,65161,373141.0,276068.0,146013.0,58970.0,2016
0500000US06085,Santa Clara ,1885056,949223,935833,120684,125390,120205,113584,120428,290150,281277,270578,117311,95175,128311,70202,31761,36.8,496591,625218,44874,3196,643830,6675,125354,101173,1731960.0,1400734.0,483314.0,144253.0,2016
0500000US06087,Santa Cruz ,270931,134367,136564,14960,14986,15224,22852,27522,32907,32156,35718,20078,17904,22393,9474,4757,37.0,89587,157652,2156,515,11720,282,17621,70088,241938.0,185583.0,85266.0,27600.0,2016
0500000US06089,Shasta ,179228,87903,91325,10466,10981,10504,10886,11156,21813,18892,23619,13261,13080,20093,10064,4413,42.3,16703,145094,1700,3819,5201,53,13231,45582,157273.0,101991.0,82724.0,20547.0,2016
0500000US06091,Sierra ,2931,1449,1482,103,154,130,99,64,192,323,384,473,245,487,184,93,55.2,305,2519,2,33,1,14,114,43984,2666.0,1806.0,1465.0,236.0,2016
0500000US06093,Siskiyou ,43668,21713,21955,2288,2660,2334,2474,2187,4452,4121,5547,3811,3853,6074,2580,1287,47.9,5100,33896,695,1288,692,120,3722,38524,39223.0,22781.0,23679.0,4291.0,2016
0500000US06095,Solano ,429596,213518,216078,26482,27489,27757,27611,30992,60796,53064,60122,29617,27391,34762,16583,6930,37.5,109287,169401,58604,1068,63669,3481,47369,69227,378368.0,290169.0,142509.0,38213.0,2016
0500000US06097,Sonoma ,497776,243919,253857,26442,29071,29119,30779,31748,64564,60767,68967,36447,36528,49488,22233,11623,41.2,129634,320566,6669,2326,19173,1395,34072,66833,443452.0,344024.0,166005.0,49892.0,2016
0500000US06099,Stanislaus ,530561,262151,268410,39067,39718,41965,39682,38780,74394,66844,67585,31443,26640,37023,19177,8243,33.8,234995,234089,13102,2283,27772,3485,28667,51591,466512.0,292562.0,223762.0,60716.0,2016
0500000US06101,Sutter ,95406,47486,47920,6604,7735,6584,6694,6520,12804,11671,12140,5725,5134,7597,4260,1938,35.6,28485,45750,1759,653,14229,316,8313,52943,81773.0,51729.0,40649.0,12398.0,2016
0500000US06103,Tehama ,63015,31379,31636,3859,4486,4185,3973,3690,7284,7160,8467,4307,4328,6591,3381,1304,40.6,14959,44001,356,1073,883,3,3465,40687,55726.0,33297.0,31387.0,6761.0,2016
0500000US06105,Trinity ,13180,6752,6428,581,610,656,756,390,1100,1504,1824,1197,1381,1888,952,341,50.6,950,10936,144,566,169,138,546,35270,10861.0,5934.0,6620.0,2135.0,2016
0500000US06107,Tulare ,455769,227963,227806,39815,41120,39690,37238,34807,63782,56100,52024,23170,20531,27538,13982,5972,30.4,287144,137157,5866,2923,14426,593,14431,42789,384492.0,196374.0,220748.0,67127.0,2016
0500000US06109,Tuolumne ,53864,28134,25730,2288,2782,2284,2845,2971,6221,5587,6883,4453,4922,7355,3597,1676,48.2,6233,43743,945,682,692,69,2992,50731,46393.0,32282.0,24399.0,4409.0,2016
0500000US06111,Ventura ,843110,417442,425668,53353,55811,58771,59335,60524,109494,106709,119452,57762,47279,65252,32971,16397,37.3,353232,393301,13395,2313,58483,1144,41536,78593,733431.0,562762.0,254122.0,103017.0,2016
0500000US06113,Yolo ,209671,102268,107403,12353,12725,12540,19355,30460,28288,24315,24067,11371,10416,13499,6753,3529,30.9,65448,100824,4611,533,28836,809,16767,57663,188509.0,147440.0,60572.0,19648.0,2016
0500000US06115,Yuba ,73897,37471,36426,6123,6012,5337,4986,5716,11409,8798,8751,4698,3604,5180,2325,958,32.2,19903,42150,2198,699,5058,278,7182,48739,62722.0,38185.0,32877.0,8750.0,2016
